Id,Label,Line,Latitude,Longitude
IDFM:monomodalStopPlace:43188,Sainte-Geneviève-des-Bois,C,48,652953,2,312961
IDFM:monomodalStopPlace:43186,Robinson,B,48,780240,2,281365
IDFM:478992,Camille Groult,T9,48,785684,2,391987
IDFM:monomodalStopPlace:43189,Sannois,J,48,970881,2,263820
IDFM:478995,La Briqueterie,T9,48,807293,2,374857
IDFM:478996,Beethoven - Concorde,T9,48,798851,2,381493
IDFM:478997,Mairie de Vitry-sur-Seine,T9,48,790194,2,388422
IDFM:478999,Germaine Tailleferre,T9,48,803307,2,377819
IDFM:490876,Porte Dauphine (Avenue Foch),T3b,48,870359,2,274764
IDFM:monomodalStopPlace:43183,Porchefontaine,C,48,796545,2,152234
IDFM:monomodalStopPlace:43082_IDFM:C01739,Houilles - Carrières-sur-Seine,J,48,920348,2,185176
IDFM:monomodalStopPlace:43181,Plaisir - Les Clayes,N,48,830839,1,960091
IDFM:463261,Porte de Versailles,12,48,832411,2,287937
IDFM:463263,Porte des Lilas,11,48,877231,2,406523
IDFM:22142,Réaumur - Sébastopol,4,48,866060,2,352498
IDFM:463021,Gare de l'Est,5,48,876122,2,358024
IDFM:474397,Miromesnil,13,48,873323,2,314594
IDFM:463022,Gare de l'Est,4,48,876281,2,357824
IDFM:22141,Porte de Clignancourt,4,48,897542,2,344686
IDFM:463264,Strasbourg - Saint-Denis,9,48,869426,2,353777
IDFM:490881,Anna de Noailles,T3b,48,874453,2,278129
IDFM:463023,Gare d'Austerlitz,5,48,842347,2,365526
IDFM:463265,Sully - Morland,7,48,851240,2,361802
IDFM:22388,Chaussée d'Antin - La Fayette,7,48,873168,2,333704
IDFM:463025,Place d'Italie,5,48,830966,2,355549
IDFM:22385,Maison Blanche,7,48,822159,2,358476
IDFM:22145,Odéon,4,48,852139,2,339501
IDFM:22386,Jussieu,7,48,845963,2,354798
IDFM:463026,Place d'Italie,7,48,831545,2,355317
IDFM:22147,Etienne Marcel,4,48,863703,2,348976
IDFM:22389,Corentin Cariou,7,48,894673,2,382292
IDFM:monomodalStopPlace:43198,Saint-Germain-en-Laye,A,48,898745,2,095042
IDFM:monomodalStopPlace:46222,Vert-Galant,B,48,944092,2,566397
IDFM:478980,Porte de Choisy,T9,48,819487,2,365157
IDFM:478982,Trois Communes,T9,48,772999,2,399414
IDFM:monomodalStopPlace:43190,Sarcelles - Saint-Brice,H,48,996205,2,368686
IDFM:monomodalStopPlace:47790,Bougival,L,48,853793,2,132028
IDFM:478985,Les Saules,T9,48,746928,2,416286
IDFM:490886,Anny Flore,T3b,48,881207,2,285528
IDFM:478987,Watteau - Rondenay,T9,48,778628,2,396390
IDFM:monomodalStopPlace:43195,Sèvres Rive Gauche,N,48,821214,2,215080
IDFM:monomodalStopPlace:43072_IDFM:C01727,Gare d'Austerlitz,C,48,840320,2,367819
IDFM:monomodalStopPlace:43194,Sevran - Livry,B,48,936402,2,535289
IDFM:478989,Verdun - Hoche,T9,48,768412,2,402869
IDFM:monomodalStopPlace:43193,Sevran - Beaudottes,B,48,947002,2,524726
IDFM:490889,Thérèse Pierre,T3b,48,883611,2,288325
IDFM:monomodalStopPlace:43192,Savigny-sur-Orge,C,48,676395,2,352354
IDFM:22390,Cadet,7,48,876006,2,344415
IDFM:22391,Censier - Daubenton,7,48,840246,2,351561
IDFM:463250,Parmentier,3,48,865203,2,374701
IDFM:22151,Denfert-Rochereau,4,48,833936,2,332073
IDFM:22395,La Courneuve - 8 Mai 1945,7,48,920308,2,410115
IDFM:463251,Pierre et Marie Curie,7,48,815857,2,377305
IDFM:490890,Porte de Champerret,T3b,48,885994,2,292151
IDFM:22153,Château d'Eau,4,48,872460,2,355977
IDFM:22152,Château Rouge,4,48,887160,2,349474
IDFM:463011,Champs-Élysées - Clemenceau,13,48,867374,2,313902
IDFM:463253,Place de Clichy,13,48,883229,2,327255
IDFM:490892,Porte Maillot - Palais des Congrès,T3b,48,877910,2,283876
IDFM:22155,Raspail,6,48,839076,2,330482
IDFM:463255,Poissonnière,7,48,877122,2,348767
IDFM:22396,Mairie d'Ivry,7,48,811210,2,383498
IDFM:463257,Porte Maillot,1,48,877784,2,282432
IDFM:463015,Maisons-Alfort - Les Juilliottes,8,48,803162,2,445872
IDFM:monomodalStopPlace:412743_IDFM:C01728,Saint-Denis,D,48,934829,2,345479
IDFM:463258,Porte de Champerret,3,48,885694,2,291980
IDFM:463017,Hoche,5,48,891393,2,403163
IDFM:22158,Denfert-Rochereau,6,48,834282,2,332838
IDFM:463259,Porte de Saint-Cloud,9,48,837978,2,256918
IDFM:463018,Bastille,5,48,853294,2,368860
IDFM:463019,Bastille,1,48,852009,2,368706
IDFM:22119,La Chapelle,2,48,884431,2,360417
IDFM:monomodalStopPlace:47524,Belloy - Saint-Martin,H,49,098389,2,361327
IDFM:monomodalStopPlace:45346,Javel,C,48,847162,2,278037
IDFM:monomodalStopPlace:43071_IDFM:C01738,Aulnay-sous-Bois,K,48,932151,2,495597
IDFM:monomodalStopPlace:43163,Meudon Val Fleury,C,48,807552,2,240942
IDFM:monomodalStopPlace:47525,Viarmes,H,49,116635,2,368238
IDFM:monomodalStopPlace:43191_IDFM:C01742,Sartrouville,A,48,937695,2,157220
IDFM:monomodalStopPlace:43169,Nanterre Préfecture,A,48,895887,2,222986
IDFM:monomodalStopPlace:43191_IDFM:C01740,Sartrouville,L,48,937695,2,157220
IDFM:monomodalStopPlace:43168,Montsoult - Maffliers,H,49,066160,2,322822
IDFM:monomodalStopPlace:47522,Villaines,H,49,079264,2,350536
IDFM:470808,Dammartin - Juilly - Saint-Mard,TER Hauts-de-France,49,032258,2,699188
IDFM:monomodalStopPlace:43167,Montreuil,L,48,805965,2,152828
IDFM:monomodalStopPlace:462394_IDFM:C01737,Gare du Nord,H,48,882307,2,356693
IDFM:490850,L'Haÿ-les-Roses,14,48,775327,2,355012
IDFM:monomodalStopPlace:46990_IDFM:C01736,Saint-Cyr,N,48,798775,2,072712
IDFM:490852,Thiais - Orly (Pont de Rungis),14,48,746840,2,372425
IDFM:monomodalStopPlace:44493,Bagneux,B,48,793337,2,322009
IDFM:monomodalStopPlace:462394_IDFM:C01738,Gare du Nord,K,48,882307,2,356693
IDFM:monomodalStopPlace:43162,Meudon,N,48,814364,2,242879
IDFM:monomodalStopPlace:43196_IDFM:C01741,Saint-Cloud,U,48,846059,2,217631
IDFM:monomodalStopPlace:43161,Meaux,P,48,956620,2,873308
IDFM:monomodalStopPlace:43196_IDFM:C01740,Saint-Cloud,L,48,846059,2,217631
IDFM:monomodalStopPlace:43160,Maurecourt,J,48,986862,2,059635
IDFM:463281,Porte de la Chapelle,12,48,897407,2,359176
IDFM:463041,Tuileries,1,48,864690,2,329076
IDFM:463042,Charles de Gaulle - Étoile,6,48,873775,2,294874
IDFM:463284,Pyramides,14,48,865781,2,334681
IDFM:463043,Charles de Gaulle - Étoile,2,48,874970,2,295870
IDFM:463285,Père Lachaise,2,48,862468,2,387635
IDFM:463044,Pont de Neuilly,1,48,884658,2,260703
IDFM:monomodalStopPlace:462357,Issy - Val de Seine,C,48,830510,2,264011
IDFM:22122,Alexandre Dumas,2,48,856222,2,394652
IDFM:463287,Pyrénées,11,48,873816,2,385043
IDFM:463045,Olympiades,14,48,827034,2,366979
IDFM:25633,Porte de Versailles,T2,48,831869,2,287192
IDFM:22121,Courcelles,2,48,879265,2,303294
IDFM:463288,Quai de la Gare,6,48,837038,2,372796
IDFM:22366,Place Monge,7,48,842675,2,352080
IDFM:monomodalStopPlace:412743_IDFM:C01737,Saint-Denis,H,48,934829,2,345479
IDFM:463289,Quai de la Rapée,5,48,846459,2,365939
IDFM:463047,École Vétérinaire de Maisons-Alfort,8,48,814797,2,422361
IDFM:22364,Châtelet,7,48,856911,2,348132
IDFM:463049,Grands Boulevards,9,48,871487,2,343194
IDFM:25637,Porte d'Issy,T2,48,831710,2,281009
IDFM:monomodalStopPlace:47528,Luzarches,H,49,117099,2,420044
IDFM:22125,Blanche,2,48,883766,2,332484
IDFM:monomodalStopPlace:43238_IDFM:C02370,Gare Montparnasse,TER Normandie,48,838411,2,316389
IDFM:22367,Château Landon,7,48,878446,2,362032
IDFM:25635,Issy - Val de Seine,T2,48,829712,2,263049
IDFM:22127,Barbès - Rochechouart,2,48,883814,2,350590
IDFM:22368,Stalingrad,7,48,884344,2,368947
IDFM:monomodalStopPlace:43177,Parc de Sceaux,B,48,769719,2,309935
IDFM:25639,Meudon-sur-Seine,T2,48,819180,2,238621
IDFM:monomodalStopPlace:43175,Palaiseau - Villebon,B,48,708149,2,237329
IDFM:monomodalStopPlace:46689,Viroflay - Rive Droite,L,48,805473,2,167655
IDFM:monomodalStopPlace:46990_IDFM:C01727,Saint-Cyr,C,48,798775,2,072712
IDFM:monomodalStopPlace:47530,Nointel - Mours,H,49,132829,2,279958
IDFM:monomodalStopPlace:43179,Pierrefitte - Stains,D,48,962776,2,370331
IDFM:monomodalStopPlace:47533,Bruyères-sur-Oise,H,49,155116,2,324833
IDFM:monomodalStopPlace:43178,Persan - Beaumont,H,49,147583,2,277800
IDFM:monomodalStopPlace:462394_IDFM:C01728,Gare du Nord,D,48,882307,2,356693
IDFM:monomodalStopPlace:47770,Garches - Marnes-la-Coquette,L,48,838254,2,187093
IDFM:monomodalStopPlace:43172,Neuilly-Plaisance,A,48,852525,2,514590
IDFM:monomodalStopPlace:43171,Nanterre Ville,A,48,895020,2,195118
IDFM:monomodalStopPlace:43096_IDFM:C01730,Bondy,P,48,893966,2,479580
IDFM:22372,Porte d'Ivry,7,48,821421,2,369403
IDFM:463031,Aubervilliers - Pantin - Quatre Chemins,7,48,903777,2,392167
IDFM:22373,Porte de Choisy,7,48,820094,2,364652
IDFM:463032,Stalingrad,5,48,884145,2,367348
IDFM:22370,Tolbiac,7,48,826145,2,357169
IDFM:463033,Louis Blanc,7,48,881068,2,364727
IDFM:22371,Riquet,7,48,888133,2,373717
IDFM:monomodalStopPlace:43071_IDFM:C01743,Aulnay-sous-Bois,B,48,932151,2,495597
IDFM:22132,Marcadet - Poissonniers,4,48,891280,2,349613
IDFM:463035,Billancourt,9,48,831875,2,237929
IDFM:25643,Parc de Saint-Cloud,T2,48,843032,2,221826
IDFM:22135,Vavin,4,48,842147,2,328943
IDFM:22374,Porte de la Villette,7,48,897834,2,385824
IDFM:463036,Richelieu - Drouot,9,48,872188,2,338604
IDFM:25642,La Défense (Grande Arche),T2,48,893029,2,237459
IDFM:22134,Strasbourg - Saint-Denis,4,48,869646,2,354416
IDFM:22375,Pyramides,7,48,865855,2,334355
IDFM:monomodalStopPlace:43191_IDFM:C01739,Sartrouville,J,48,937695,2,157220
IDFM:463038,Jasmin,9,48,852448,2,268076
IDFM:22136,Saint-Germain-des-Prés,4,48,853624,2,333968
IDFM:25647,Pont de Bezons,T2,48,923351,2,217568
IDFM:25645,Suresnes - Longchamp,T2,48,868113,2,221431
IDFM:monomodalStopPlace:43176_IDFM:C01729,Pantin,E,48,897987,2,401041
IDFM:monomodalStopPlace:43144,La Grande-Paroisse,R,48,378633,2,896902
IDFM:monomodalStopPlace:46897,Meulan - Hardricourt,J,49,005816,1,902129
IDFM:monomodalStopPlace:43143,La Frette - Montigny,J,48,979884,2,180342
IDFM:23427,Parc Pierre Lagravère,T2,48,917593,2,224709
IDFM:monomodalStopPlace:43142,La Ferté-Alais,D,48,485501,2,352260
IDFM:monomodalStopPlace:43069_IDFM:C01740,Asnières-sur-Seine,L,48,905875,2,283211
IDFM:monomodalStopPlace:43146,La Varenne - Chennevières,A,48,795327,2,513232
IDFM:monomodalStopPlace:43145,La Plaine Stade de France,B,48,918077,2,362460
IDFM:monomodalStopPlace:43184_IDFM:C01741,Puteaux,U,48,883372,2,233616
IDFM:monomodalStopPlace:43140,La Courneuve - Aubervilliers,B,48,924297,2,386114
IDFM:monomodalStopPlace:411492_IDFM:C02370,Dreux,TER Normandie,48,731106,1,370431
IDFM:monomodalStopPlace:58875,Rueil-Malmaison,A,48,887673,2,172366
IDFM:463061,Hôtel de Ville,11,48,857588,2,351485
IDFM:463063,Madeleine,8,48,869606,2,325999
IDFM:463064,Madeleine,14,48,870588,2,325843
IDFM:monomodalStopPlace:58873,Brunoy,D,48,698914,2,506850
IDFM:monomodalStopPlace:43184_IDFM:C01740,Puteaux,L,48,883372,2,233616
IDFM:463066,Liège,13,48,879648,2,327028
IDFM:monomodalStopPlace:58874,Bussy-Saint-Georges,A,48,836713,2,710383
IDFM:22100,Les Sablons,1,48,881001,2,272291
IDFM:463067,Nation,2,48,848453,2,395862
IDFM:monomodalStopPlace:44411_IDFM:C01737,Pontoise,H,49,046733,2,095786
IDFM:463069,Europe,3,48,878767,2,322240
IDFM:23430,Jacqueline Auriol,T2,48,910697,2,234123
IDFM:22101,La Défense (Grande Arche),1,48,892167,2,237028
IDFM:23431,Victor Basch,T2,48,913893,2,229765
IDFM:monomodalStopPlace:43149,Lardy,C,48,520621,2,255014
IDFM:monomodalStopPlace:44411_IDFM:C01739,Pontoise,J,49,046733,2,095786
IDFM:22104,Château de Vincennes,1,48,844611,2,438772
IDFM:23436,Charlebourg,T2,48,907581,2,238399
IDFM:22103,Saint-Mandé,1,48,846396,2,419008
IDFM:22105,Bérault,1,48,845500,2,429000
IDFM:23435,Les Fauvelles,T2,48,902624,2,239562
IDFM:22108,Ternes,2,48,878214,2,298113
IDFM:22107,Stalingrad,2,48,884282,2,365763
IDFM:monomodalStopPlace:43154,Maisons-Alfort - Alfortville,D,48,802178,2,426438
IDFM:23438,Jacques-Henri Lartigue,T2,48,824732,2,260490
IDFM:22109,Victor Hugo,2,48,869890,2,285865
IDFM:monomodalStopPlace:43152,Lognes,A,48,839255,2,633027
IDFM:monomodalStopPlace:43159,Marolles-en-Hurepoix,C,48,565645,2,290908
IDFM:monomodalStopPlace:43156,Maisse,D,48,393671,2,393494
IDFM:470812,Bonnières,TER Normandie,49,038822,1,582055
IDFM:monomodalStopPlace:43151,Limay,J,48,984202,1,747413
IDFM:463290,Ranelagh,9,48,855405,2,269990
IDFM:463291,Raspail,4,48,839130,2,330624
IDFM:monomodalStopPlace:470519_IDFM:C01729,Gare de l'Est,E,48,878572,2,360305
IDFM:463050,Porte Dorée,8,48,835042,2,405812
IDFM:463051,Balard,8,48,836659,2,278436
IDFM:monomodalStopPlace:44877_IDFM:C01727,Saint-Michel Notre-Dame,C,48,853024,2,344960
IDFM:463053,Robespierre,9,48,855714,2,422959
IDFM:23440,Les Moulineaux,T2,48,821505,2,251329
IDFM:463054,Oberkampf,9,48,864824,2,368190
IDFM:463297,Rue Saint-Maur,3,48,864091,2,380473
IDFM:463055,Rue de la Pompe,9,48,863995,2,277901
IDFM:22111,Porte Dauphine,2,48,871566,2,277721
IDFM:463298,Rue des Boulets,9,48,852291,2,389267
IDFM:23443,Les Milons,T2,48,849953,2,221177
IDFM:monomodalStopPlace:411482_IDFM:C02368,Montargis,TER Centre - Val de Loire,48,006697,2,743201
IDFM:22110,Rome,2,48,882301,2,321382
IDFM:463057,Pointe du Lac,8,48,768757,2,464304
IDFM:463299,Saint-Ambroise,9,48,861448,2,373938
IDFM:23444,Musée de Sèvres,T2,48,828822,2,225355
IDFM:463058,Grands Boulevards,8,48,871534,2,342866
IDFM:23441,Brimborion,T2,48,822125,2,231420
IDFM:24530,Rosa Parks,T3b,48,897554,2,373385
IDFM:monomodalStopPlace:44411_IDFM:C01727,Pontoise,C,49,046733,2,095786
IDFM:22115,Place de Clichy,2,48,883707,2,327929
IDFM:monomodalStopPlace:47517,Bouffémont - Moisselles,H,49,045104,2,322900
IDFM:monomodalStopPlace:45301,Bibliothèque François Mitterrand,C,48,828880,2,377759
IDFM:monomodalStopPlace:47964,Vernouillet - Verneuil,J,48,981646,1,982938
IDFM:monomodalStopPlace:43122,Drancy,B,48,932733,2,454883
IDFM:monomodalStopPlace:43121,Dourdan,C,48,533761,2,008757
IDFM:monomodalStopPlace:47963,Vaucelles,H,49,021727,2,229453
IDFM:monomodalStopPlace:43120,Domont,H,49,032840,2,337127
IDFM:monomodalStopPlace:47966,Villennes-sur-Seine,J,48,939831,1,999557
IDFM:monomodalStopPlace:47960,Thieux - Nantouillet,K,49,008136,2,680254
IDFM:monomodalStopPlace:43125,Fontenay-aux-Roses,B,48,787567,2,292908
IDFM:monomodalStopPlace:47962,Trilport,P,48,960169,2,949686
IDFM:monomodalStopPlace:43124,Fontaine Michalon,B,48,743050,2,295956
IDFM:monomodalStopPlace:45784,Le Mée,D,48,538747,2,625554
IDFM:monomodalStopPlace:43123,Fontaine-le-Port,R,48,487348,2,750465
IDFM:monomodalStopPlace:47961,Thomery,R,48,394282,2,764187
IDFM:monomodalStopPlace:44877_IDFM:C01743,Saint-Michel Notre-Dame,B,48,853024,2,344960
IDFM:490896,Square Sainte-Odile,T3b,48,887491,2,296597
IDFM:471933,Pierrefitte - Stains,T11,48,960148,2,367332
IDFM:463080,Hôtel de Ville,1,48,857155,2,352970
IDFM:monomodalStopPlace:46647_IDFM:C01742,Achères Ville,A,48,970644,2,077727
IDFM:463083,Duroc,13,48,847830,2,316013
IDFM:470851,Villetaneuse - Université,T11,48,960014,2,342369
IDFM:monomodalStopPlace:46647_IDFM:C01740,Achères Ville,L,48,970644,2,077727
IDFM:463087,Châtillon - Montrouge,13,48,810740,2,301657
IDFM:monomodalStopPlace:59038_IDFM:C01739,Vernon - Giverny,J,49,091627,1,477777
IDFM:463088,Pigalle,2,48,882233,2,338238
IDFM:463089,Pigalle,12,48,882016,2,337198
IDFM:monomodalStopPlace:43129,Gargenville,J,48,983004,1,809011
IDFM:monomodalStopPlace:43180_IDFM:C01727,Pierrelaye,C,49,019180,2,154531
IDFM:monomodalStopPlace:43044_IDFM:C01729,Gagny,E,48,883729,2,525405
IDFM:monomodalStopPlace:470519_IDFM:C01730,Gare de l'Est,P,48,878572,2,360305
IDFM:monomodalStopPlace:47968,Les Noues,D,49,033072,2,477714
IDFM:monomodalStopPlace:47967,Vosves,D,48,515076,2,599410
IDFM:monomodalStopPlace:47969,Les Vallées,L,48,913653,2,257205
IDFM:monomodalStopPlace:46886,Maule,N,48,909328,1,856897
IDFM:monomodalStopPlace:43133,Groslay,H,48,984365,2,353522
IDFM:monomodalStopPlace:43132,Grigny Centre,D,48,654842,2,396786
IDFM:monomodalStopPlace:43131,Gretz-Armainvilliers,E,48,746455,2,727168
IDFM:monomodalStopPlace:43130,Gennevilliers,C,48,932824,2,307982
IDFM:monomodalStopPlace:43137,Juziers,J,48,992240,1,844953
IDFM:monomodalStopPlace:43136,Jouy-en-Josas,V,48,764760,2,164448
IDFM:monomodalStopPlace:46884,Mareil-sur-Mauldre,N,48,893020,1,871849
IDFM:monomodalStopPlace:43135,Joinville-le-Pont,A,48,821197,2,463874
IDFM:monomodalStopPlace:43069_IDFM:C01739,Asnières-sur-Seine,J,48,905875,2,283211
IDFM:monomodalStopPlace:59038_IDFM:C01748,Vernon - Giverny,TER Normandie,49,091699,1,477682
IDFM:monomodalStopPlace:43044_IDFM:C01730,Gagny,P,48,883729,2,525405
IDFM:monomodalStopPlace:43082_IDFM:C01740,Houilles - Carrières-sur-Seine,L,48,920348,2,185176
IDFM:463075,Dugommier,6,48,838994,2,389600
IDFM:463076,Charles Michels,10,48,846483,2,285623
IDFM:monomodalStopPlace:43082_IDFM:C01742,Houilles - Carrières-sur-Seine,A,48,920348,2,185176
IDFM:463077,Jussieu,10,48,846243,2,354938
IDFM:483903,Aimé Césaire,12,48,908410,2,378083
IDFM:483904,Mairie d'Aubervilliers,12,48,913735,2,380817
IDFM:monomodalStopPlace:470519_IDFM:C01747,Gare de l'Est,TER Grand-Est,48,878572,2,360305
IDFM:monomodalStopPlace:43180_IDFM:C01737,Pierrelaye,H,49,019180,2,154531
IDFM:monomodalStopPlace:43150_IDFM:C01727,Saint-Ouen-l'Aumône Liesse,C,49,034123,2,128124
IDFM:monomodalStopPlace:46299,Orly Ville,C,48,741632,2,403055
IDFM:monomodalStopPlace:46298,Les Saules,C,48,745201,2,417455
IDFM:monomodalStopPlace:47145,Héricy,R,48,442721,2,760751
IDFM:monomodalStopPlace:43164_IDFM:C01743,Mitry - Claye,B,48,975748,2,642234
IDFM:492418,Montry - Condé,T14,48,891085,2,825599
IDFM:monomodalStopPlace:461504_IDFM:C01741,Saint-Quentin en Yvelines - Montigny-le-Bretonneux,U,48,787485,2,044616
IDFM:492416,Esbly,T14,48,902742,2,809286
IDFM:492422,Villiers Montbarbin,T14,48,863527,2,882531
IDFM:monomodalStopPlace:43157_IDFM:C01736,Mantes-la-Jolie,N,48,989295,1,703837
IDFM:monomodalStopPlace:461504_IDFM:C01736,Saint-Quentin en Yvelines - Montigny-le-Bretonneux,N,48,787485,2,044616
IDFM:monomodalStopPlace:43157_IDFM:C01739,Mantes-la-Jolie,J,48,989295,1,703837
IDFM:492420,Couilly - Saint-Germain - Quincy,T14,48,882804,2,854152
IDFM:22300,Les Coteaux,T2,48,857288,2,220557
IDFM:monomodalStopPlace:44201_IDFM:C01730,Noisy-le-Sec,P,48,896663,2,459198
IDFM:22303,Belvédère,T2,48,876101,2,225954
IDFM:monomodalStopPlace:58270,Champigny,A,48,806823,2,510538
IDFM:monomodalStopPlace:48489,Orangis Bois de l'Épine,D,48,636340,2,407691
IDFM:monomodalStopPlace:47158,Nangis,P,48,561720,3,012178
IDFM:492424,Crécy-la-Chapelle,T14,48,859564,2,905192
IDFM:463090,Bourse,3,48,868766,2,340665
IDFM:463091,Réaumur - Sébastopol,3,48,866332,2,352037
IDFM:463092,Porte d'Orléans,4,48,823405,2,325559
IDFM:463093,Barbès - Rochechouart,4,48,883414,2,349688
IDFM:463095,Jaurès,5,48,883069,2,371411
IDFM:monomodalStopPlace:58288,Les Yvris Noisy-le-Grand,E,48,823113,2,579980
IDFM:monomodalStopPlace:43170_IDFM:C01742,Nanterre Université,A,48,901130,2,213536
IDFM:monomodalStopPlace:43170_IDFM:C01740,Nanterre Université,L,48,901130,2,213536
IDFM:monomodalStopPlace:46035,Chemin d'Antony,C,48,747937,2,312650
IDFM:monomodalStopPlace:47124,Bourron-Marlotte - Grez,R,48,332451,2,691876
IDFM:42121,Pierre de Geyter,T8,48,932009,2,352755
IDFM:477286,Clichy-sous-Bois - Mairie,T4,48,907857,2,546371
IDFM:42122,Saint-Denis - Gare,T8,48,935273,2,347801
IDFM:monomodalStopPlace:47125,Montigny-sur-Loing,R,48,336499,2,738336
IDFM:42120,Saint-Denis - Porte de Paris,T8,48,929803,2,357259
IDFM:monomodalStopPlace:411405,Le Plessis-Belleville,K,49,096325,2,745037
IDFM:42119,Paul Éluard,T8,48,939679,2,345200
IDFM:monomodalStopPlace:487011,Nanterre-La-Folie,E,48,897581,2,226569
IDFM:42117,Delaunay - Belleville,T8,48,945590,2,347330
IDFM:monomodalStopPlace:43150_IDFM:C01737,Saint-Ouen-l'Aumône Liesse,H,49,034123,2,128124
IDFM:42133,César,T8,48,949574,2,342522
IDFM:42130,Pablo Neruda,T8,48,956651,2,343142
IDFM:monomodalStopPlace:47136,Vulaines-sur-Seine - Samoreau,R,48,430461,2,752898
IDFM:42131,Jean Vilar,T8,48,952750,2,343465
IDFM:monomodalStopPlace:47130,Moret - Veneux-les-Sablons,R,48,377898,2,800463
IDFM:monomodalStopPlace:46286,Créteil Pompadour,D,48,771254,2,435316
IDFM:470874,Épinay - Villetaneuse,T11,48,959001,2,328323
IDFM:monomodalStopPlace:44201_IDFM:C01729,Noisy-le-Sec,E,48,896663,2,459198
IDFM:monomodalStopPlace:58267,Les Boullereaux Champigny,E,48,824864,2,511991
IDFM:monomodalStopPlace:411418,La Borne Blanche (Gare),D,49,126195,2,506991
IDFM:42127,Villetaneuse - Université,T8,48,959288,2,342023
IDFM:42103,Les Mobiles,T8,48,949917,2,328932
IDFM:monomodalStopPlace:47589,L'Isle-Adam - Parmain,H,49,114549,2,209942
IDFM:42104,Rose Bertin,T8,48,953222,2,315337
IDFM:478395,La Fourche,13,48,886943,2,325848
IDFM:42101,Épinay - Orgemont,T8,48,955440,2,295371
IDFM:42102,Épinay-sur-Seine - Gare,T8,48,955788,2,301866
IDFM:479001,Four - Peary,T9,48,754529,2,411896
IDFM:monomodalStopPlace:47585,Mériel,H,49,077753,2,205438
IDFM:479003,Constant Coquelin,T9,48,783098,2,393772
IDFM:monomodalStopPlace:47588,Valmondois,H,49,090937,2,201915
IDFM:479005,Cimetière Parisien d'Ivry,T9,48,812677,2,370632
IDFM:monomodalStopPlace:47582,Méry-sur-Oise,H,49,058277,2,191418
IDFM:479007,Châteaudun - Barbès,T9,48,815363,2,368503
IDFM:479009,Christophe Colomb,T9,48,752157,2,416949
IDFM:monomodalStopPlace:43219_IDFM:C02711,Versailles Chantiers,V,48,795260,2,134908
IDFM:monomodalStopPlace:47580,Frépillon,H,49,045277,2,197099
IDFM:471757,Allée de la Tour-Rendez-vous,T4,48,897322,2,506608
IDFM:monomodalStopPlace:43096_IDFM:C01729,Bondy,E,48,893966,2,479580
IDFM:42115,Lacépède,T8,48,955915,2,311485
IDFM:monomodalStopPlace:47119,Bagneaux-sur-Loing,R,48,229390,2,704033
IDFM:monomodalStopPlace:47118,Souppes - Château-Landon,R,48,181179,2,735870
IDFM:42110,Les Béatus,T8,48,951598,2,320765
IDFM:monomodalStopPlace:47596,Épluches,H,49,055049,2,122657
IDFM:42111,Gilbert Bonnemaison,T8,48,955386,2,307832
IDFM:monomodalStopPlace:47115,Saint-Martin d'Étampes,C,48,427488,2,145259
IDFM:monomodalStopPlace:47595,Pont Petit,H,49,060876,2,131242
IDFM:471744,Dourdan,TER Centre - Val-de-Loire,48,533748,2,008742
IDFM:monomodalStopPlace:47591,Chaponval,H,49,069128,2,141085
IDFM:monomodalStopPlace:47590,Champagne-sur-Oise,H,49,136090,2,242988
IDFM:monomodalStopPlace:43147_IDFM:C01741,La Verrière,U,48,755172,1,943057
IDFM:42105,Blumenthal,T8,48,947802,2,339138
IDFM:monomodalStopPlace:47322,Esbly,P,48,902895,2,809640
IDFM:monomodalStopPlace:46477,Champ de Courses d'Enghien,H,48,979695,2,291149
IDFM:monomodalStopPlace:46470,La Barre Ormesson,H,48,966284,2,316704
IDFM:470688,Le Bourget,T11,48,930287,2,423388
IDFM:monomodalStopPlace:43126_IDFM:C01727,Franconville - Le Plessis-Bouchard,C,48,993746,2,234191
IDFM:472625,Mantes-la-Jolie,TER Normandie,48,989108,1,703712
IDFM:monomodalStopPlace:462398,Aéroport CDG 1 (Terminal 3) - RER,B,49,009794,2,561412
IDFM:monomodalStopPlace:43126_IDFM:C01737,Franconville - Le Plessis-Bouchard,H,48,993746,2,234191
IDFM:monomodalStopPlace:59301,Gisors,J,49,285505,1,784768
IDFM:monomodalStopPlace:43147_IDFM:C01736,La Verrière,N,48,755172,1,943057
IDFM:470693,Lycée Henri Sellier,T4,48,915963,2,515102
IDFM:monomodalStopPlace:46007,La Croix de Berny,B,48,761718,2,304211
IDFM:479012,Carle - Darthé,T9,48,759285,2,408809
IDFM:monomodalStopPlace:43164_IDFM:C01738,Mitry - Claye,K,48,975748,2,642234
IDFM:monomodalStopPlace:46482,Gros Noyer Saint-Prix,H,48,996079,2,259684
IDFM:472618,Rougemont Chanteloup,T4,48,930999,2,514880
IDFM:472857,Gargan,T4,48,907244,2,516461
IDFM:422040,Viroflay - Rive Droite,T6,48,805611,2,168825
IDFM:monomodalStopPlace:43245_IDFM:C02368,Nemours-Saint-Pierre,TER Centre - Val de Loire,48,268637,2,685052
IDFM:479491,Bondy,T4,48,893788,2,482146
IDFM:21965,Madeleine,12,48,870044,2,325105
IDFM:462964,Volontaires,12,48,841470,2,307949
IDFM:462963,République,9,48,867453,2,363212
IDFM:21964,Saint-Lazare,12,48,875642,2,327459
IDFM:483423,Bagneux - Lucie Aubrac,4,48,803539,2,317479
IDFM:21967,Gare d'Austerlitz,10,48,842319,2,364463
IDFM:21966,Châtelet,11,48,857725,2,347798
IDFM:21969,La Motte-Picquet - Grenelle,10,48,849582,2,298605
IDFM:monomodalStopPlace:411464,Villeneuve-la-Guyard,TER Bourgogne - Franche-Comté,48,342619,3,072020
IDFM:monomodalStopPlace:411461,Champigny-sur-Yonne,TER Bourgogne - Franche-Comté,48,324211,3,130155
IDFM:monomodalStopPlace:45804,Livry-sur-Seine,R,48,510288,2,678944
IDFM:21970,Duroc,10,48,846718,2,316255
IDFM:462959,Vaneau,10,48,848798,2,321289
IDFM:21972,Javel - André Citroën,10,48,846134,2,278027
IDFM:462956,Exelmans,9,48,842602,2,259738
IDFM:21971,Église d'Auteuil,10,48,847143,2,269111
IDFM:462955,Montparnasse Bienvenue,6,48,842093,2,321246
IDFM:21974,Porte d'Auteuil,10,48,848016,2,258272
IDFM:462954,Montparnasse Bienvenue,13,48,842139,2,321068
IDFM:462973,Marcadet - Poissonniers,12,48,891500,2,350002
IDFM:462971,Saint-Lazare,3,48,874996,2,324550
IDFM:460550,Hôpital Delafontaine,T1,48,933572,2,371115
IDFM:21979,Ségur,10,48,847197,2,307195
IDFM:462970,Saint-Lazare,13,48,875305,2,324630
IDFM:472518,Le Plessis-Belleville,TER Hauts-de-France,49,096412,2,745101
IDFM:monomodalStopPlace:47940_IDFM:C01743,Massy - Verrières,B,48,734958,2,273979
IDFM:monomodalStopPlace:411476,Villeneuve-sur-Yonne,TER Bourgogne - Franche-Comté,48,085207,3,286505
IDFM:monomodalStopPlace:51494,Osny,J,49,062819,2,058156
IDFM:monomodalStopPlace:58774_IDFM:C01743,Massy - Palaiseau,B,48,725519,2,258768
IDFM:monomodalStopPlace:411473,Saint-Julien du Sault,TER Bourgogne - Franche-Comté,48,026624,3,302762
IDFM:21980,Sèvres - Babylone,12,48,851570,2,326873
IDFM:21983,Cluny - La Sorbonne,10,48,850910,2,344959
IDFM:21982,Mirabeau,10,48,847078,2,273064
IDFM:462967,Sèvres - Babylone,10,48,851028,2,326127
IDFM:monomodalStopPlace:45812,Ponthierry - Pringy,D,48,535085,2,544537
IDFM:21985,Chardon Lagache,10,48,845088,2,266905
IDFM:monomodalStopPlace:45814,Saint-Fargeau,D,48,565026,2,542610
IDFM:monomodalStopPlace:46902,Thun le Paradis,J,49,006673,1,919171
IDFM:462986,Sentier,3,48,867315,2,347534
IDFM:462984,Colonel Fabien,2,48,877673,2,370522
IDFM:21945,Gambetta,3B,48,865033,2,398537
IDFM:462983,Couronnes,2,48,869257,2,380411
IDFM:21947,Porte des Lilas,3B,48,876604,2,407007
IDFM:460561,Baron le Roy,T3a,48,830382,2,393447
IDFM:462981,Jaurès,2,48,881597,2,370212
IDFM:21946,Saint-Fargeau,3B,48,871866,2,404430
IDFM:460562,Delphine Seyrig,T3b,48,893901,2,397720
IDFM:21948,Pelleport,3B,48,868443,2,401552
IDFM:460560,Porte de Vincennes,T3a,48,846934,2,409552
IDFM:monomodalStopPlace:411485,Malesherbes,D,48,293633,2,401036
IDFM:monomodalStopPlace:411488,Ferrières - Fontenay,R,48,095890,2,772092
IDFM:21950,Gambetta,3,48,864928,2,397356
IDFM:monomodalStopPlace:43607,Laplace,B,48,808360,2,334344
IDFM:460558,Coeur d'Orly,T7,48,733770,2,371379
IDFM:460559,Lamartine,T7,48,783207,2,367157
IDFM:462977,Garibaldi,13,48,905246,2,331540
IDFM:460556,Henri Farman,T2,48,834728,2,271397
IDFM:monomodalStopPlace:42516,Cesson,D,48,564863,2,594615
IDFM:21951,Place des Fêtes,11,48,876724,2,393139
IDFM:462996,Montparnasse Bienvenue,4,48,843884,2,324358
IDFM:462994,Mabillon,10,48,852902,2,335115
IDFM:21958,Gare de Lyon,14,48,844463,2,372810
IDFM:monomodalStopPlace:43211_IDFM:C01729,Vaires - Torcy,E,48,875173,2,637706
IDFM:462992,Saint-Sulpice,4,48,851174,2,330783
IDFM:21957,Bercy,14,48,840125,2,379126
IDFM:monomodalStopPlace:47940_IDFM:C01727,Massy - Verrières,C,48,734958,2,273979
IDFM:472536,Persan - Beaumont,TER Hauts-de-France,49,147666,2,277687
IDFM:471205,Monnerville,TER Centre - Val-de-Loire,48,348610,2,032497
IDFM:monomodalStopPlace:51238,Bois-Colombes,J,48,914196,2,271649
IDFM:25084,Buzenval,9,48,851762,2,401171
IDFM:494313,Massy - Palaiseau,T12,48,724848,2,257112
IDFM:monomodalStopPlace:411495,Marchezais - Broué,N,48,768391,1,513572
IDFM:monomodalStopPlace:411482_IDFM:C01731,Montargis,R,48,006697,2,743201
IDFM:462988,Villiers,2,48,881259,2,315739
IDFM:21962,Saint-Lazare,14,48,875634,2,324074
IDFM:21923,Michel-Ange - Molitor,9,48,844896,2,261572
IDFM:486976,Coteaux de l'Orge,T12,48,665310,2,362662
IDFM:21924,Miromesnil,9,48,873732,2,314660
IDFM:486970,Ferme Neuve,T12,48,652160,2,383397
IDFM:2272,Terminal 3,CDG VAL,49,009972,2,560933
IDFM:486973,Amédée Gordini,T12,48,658717,2,373761
IDFM:21929,La Muette,9,48,858092,2,274096
IDFM:monomodalStopPlace:47187,Verneuil-l'Étang,P,48,644389,2,825084
IDFM:monomodalStopPlace:47181,Provins,P,48,555531,3,302334
IDFM:monomodalStopPlace:47184,Mormant,P,48,614093,2,888079
IDFM:29895,Domaine Chérioux,T7,48,778946,2,367406
IDFM:monomodalStopPlace:411421,Orry-la-Ville - Coye,D,49,138405,2,489862
IDFM:29897,Auguste Perret (Cimetière Parisien),T7,48,763356,2,367765
IDFM:472571,Nanteuil-le-Haudouin,TER Hauts-de-France,49,142682,2,794239
IDFM:29893,Hélène Boucher (Orlytech),T7,48,739976,2,359501
IDFM:monomodalStopPlace:411428,Chantilly - Gouvieux,D,49,187030,2,459516
IDFM:monomodalStopPlace:47910_IDFM:C01745,Montereau,TER Bourgogne - Franche-Comté,48,379586,2,942214
IDFM:29898,Caroline Aigle (Orlyfret),T7,48,738624,2,369907
IDFM:486967,Bois de Saint-Eutrope,T12,48,634107,2,395641
IDFM:462999,Laumière,5,48,885167,2,379351
IDFM:462998,Odéon,10,48,851986,2,340656
IDFM:21932,Chaussée d'Antin - La Fayette,9,48,872846,2,333986
IDFM:21931,Franklin D. Roosevelt,9,48,868694,2,309531
IDFM:486963,Bois Briard,T12,48,621978,2,415787
IDFM:21934,Charonne,9,48,854973,2,384835
IDFM:21933,Bonne Nouvelle,9,48,870567,2,348461
IDFM:486965,Traité de Rome,T12,48,625130,2,407353
IDFM:21936,Maraîchers,9,48,852691,2,406044
IDFM:486960,Massy Europe,T12,48,723500,2,272629
IDFM:21935,Alma - Marceau,9,48,864688,2,301117
IDFM:monomodalStopPlace:47901_IDFM:C01729,Le Raincy - Villemomble - Montfermeil,E,48,888854,2,513061
IDFM:21937,République,11,48,867914,2,364842
IDFM:monomodalStopPlace:47199,Faremoutiers - Pommeuse,P,48,808535,2,993274
IDFM:472316,Freinville Sevran,T4,48,926506,2,519112
IDFM:monomodalStopPlace:43208_IDFM:C01730,Tournan,P,48,739445,2,758901
IDFM:472325,Paris Montparnasse,TER Centre - Val de Loire,48,839303,2,317113
IDFM:monomodalStopPlace:43104_IDFM:C01742,Cergy le Haut,A,49,048233,2,011579
IDFM:monomodalStopPlace:43208_IDFM:C01729,Tournan,E,48,739445,2,758901
IDFM:monomodalStopPlace:47909_IDFM:C01728,Melun,D,48,527491,2,654698
IDFM:monomodalStopPlace:47910_IDFM:C01731,Montereau,R,48,379604,2,942542
IDFM:486957,Champlan,T12,48,708006,2,280775
IDFM:monomodalStopPlace:47901_IDFM:C01730,Le Raincy - Villemomble - Montfermeil,P,48,888854,2,513061
IDFM:monomodalStopPlace:43104_IDFM:C01740,Cergy le Haut,L,49,048233,2,011579
IDFM:monomodalStopPlace:43833,Luxembourg,B,48,845432,2,339809
IDFM:21940,Marcel Sembat,9,48,833701,2,243526
IDFM:21903,République,5,48,867710,2,364146
IDFM:21902,République,3,48,867162,2,364308
IDFM:21905,Oberkampf,5,48,864613,2,368565
IDFM:21904,Michel-Ange - Molitor,10,48,845156,2,261822
IDFM:481067,Saint-Germain-en-Laye,T13,48,901599,2,095251
IDFM:21907,Michel-Ange - Auteuil,10,48,847975,2,263990
IDFM:21906,Havre-Caumartin,3,48,873509,2,327511
IDFM:monomodalStopPlace:43127_IDFM:C01730,Le Chénay Gagny,P,48,877159,2,552772
IDFM:monomodalStopPlace:411443,Châteaudun,TER Centre - Val-de-Loire,48,073493,1,338433
IDFM:monomodalStopPlace:43127_IDFM:C01729,Le Chénay Gagny,E,48,877159,2,552772
IDFM:471264,Gazeran,TER Centre - Val de Loire,48,626030,1,773194
IDFM:monomodalStopPlace:411449,Voves,TER Centre - Val-de-Loire,48,275031,1,622042
IDFM:monomodalStopPlace:411446,Bonneval,TER Centre - Val-de-Loire,48,186422,1,386271
IDFM:monomodalStopPlace:47909_IDFM:C01731,Melun,R,48,527491,2,654698
IDFM:21912,Saint-Philippe-du-Roule,9,48,872155,2,310069
IDFM:21913,Porte de Montreuil,9,48,853523,2,410711
IDFM:21916,Voltaire,9,48,857699,2,380120
IDFM:monomodalStopPlace:47174,Champbenoist Poigny,P,48,545208,3,286630
IDFM:monomodalStopPlace:47171,Sainte-Colombe Septveilles,P,48,529153,3,255340
IDFM:471008,Les Coquetiers,T4,48,892600,2,499779
IDFM:monomodalStopPlace:411452,Sens,TER Bourgogne - Franche-Comté,48,198226,3,267381
IDFM:monomodalStopPlace:411455,Étigny - Véron,TER Bourgogne - Franche-Comté,48,137650,3,290083
IDFM:486978,Parc du Château,T12,48,667834,2,355360
IDFM:monomodalStopPlace:411458,Pont-sur-Yonne,TER Bourgogne - Franche-Comté,48,286200,3,201822
IDFM:monomodalStopPlace:43221,Villepreux - Les Clayes,N,48,823668,1,992799
IDFM:monomodalStopPlace:43220,Versailles Château Rive Gauche,C,48,799914,2,130151
IDFM:monomodalStopPlace:46731,Compans,K,48,991330,2,664960
IDFM:412987,Porte de la Chapelle,T3b,48,898392,2,358425
IDFM:monomodalStopPlace:44314,Péreire Levallois,C,48,886027,2,299229
IDFM:monomodalStopPlace:46975,Issou - Porcheville,J,48,979307,1,783840
IDFM:monomodalStopPlace:43225,Viry-Châtillon,D,48,675908,2,387022
IDFM:monomodalStopPlace:43224,Vincennes,A,48,847347,2,432584
IDFM:monomodalStopPlace:43223,Villiers-sur-Marne - Le Plessis-Trévise,E,48,823248,2,542644
IDFM:monomodalStopPlace:43222,Villiers-le-Bel - Gonesse - Arnouville,D,48,993772,2,416247
IDFM:monomodalStopPlace:58718,Haussmann Saint-Lazare,E,48,874999,2,328646
IDFM:monomodalStopPlace:58955,Dordives,R,48,147906,2,762658
IDFM:472379,Angerville,TER Centre - Val-de-Loire,48,311606,2,003751
IDFM:472376,Remise à Jorelle,T4,48,893085,2,487963
IDFM:monomodalStopPlace:43229,Les Essarts-le-Roi,N,48,721693,1,889661
IDFM:monomodalStopPlace:43228,Les Baconnets,B,48,739846,2,288108
IDFM:monomodalStopPlace:43227,Les Ardoines,C,48,782489,2,409587
IDFM:monomodalStopPlace:43226,Yerres,D,48,706451,2,483187
IDFM:monomodalStopPlace:46736,Dammartin - Juilly - Saint-Mard,K,49,032152,2,699047
IDFM:monomodalStopPlace:43232,Le Guichet,B,48,705497,2,192974
IDFM:monomodalStopPlace:415093_IDFM:C01729,Neuilly - Porte Maillot,E,48,878348,2,284218
IDFM:monomodalStopPlace:47599_IDFM:C01737,Saint-Ouen-l'Aumône,H,49,045307,2,105231
IDFM:monomodalStopPlace:46984,Bonnières,J,49,038822,1,582055
IDFM:monomodalStopPlace:43231,Le Bourget,B,48,930744,2,425826
IDFM:monomodalStopPlace:43230,Les Grésillons,C,48,920690,2,313902
IDFM:monomodalStopPlace:43236,Le Stade,J,48,931720,2,260949
IDFM:monomodalStopPlace:43235,Le Perray,N,48,693361,1,856653
IDFM:monomodalStopPlace:43234,Le Parc de Saint-Maur,A,48,805410,2,486624
IDFM:monomodalStopPlace:415093_IDFM:C01727,Neuilly - Porte Maillot,C,48,878348,2,284218
IDFM:481073,Bailly,T13,48,836822,2,074795
IDFM:481070,Fourqueux - Bel Air,T13,48,894917,2,070045
IDFM:monomodalStopPlace:45419,Avenue du Président Kennedy Maison de Radio France,C,48,853525,2,279679
IDFM:monomodalStopPlace:43239,Marne-la-Vallée Chessy,A,48,869795,2,782483
IDFM:monomodalStopPlace:43237,Le Vésinet - Le Pecq,A,48,897950,2,122132
IDFM:monomodalStopPlace:43203,Saint-Ouen,C,48,904561,2,322695
IDFM:monomodalStopPlace:42356,Rosny Bois Perrier,E,48,882586,2,481186
IDFM:monomodalStopPlace:43202,Saint-Michel-sur-Orge,C,48,635616,2,306803
IDFM:monomodalStopPlace:43201,Saint-Gratien,C,48,963658,2,285778
IDFM:monomodalStopPlace:45860,Grand Bourg,D,48,648808,2,434839
IDFM:monomodalStopPlace:47599_IDFM:C01727,Saint-Ouen-l'Aumône,C,49,045307,2,105231
IDFM:monomodalStopPlace:58937,Noisy - Champs,A,48,842896,2,580103
IDFM:473004,Épernon,TER Centre - Val de Loire,48,605055,1,681650
IDFM:23297,Hôpital Avicenne,T1,48,915830,2,425008
IDFM:24141,Maryse Bastié,T3a,48,824356,2,377649
IDFM:23295,Maurice Lachâtre,T1,48,919175,2,413836
IDFM:monomodalStopPlace:43207,Torcy,A,48,839710,2,655169
IDFM:monomodalStopPlace:43206,Taverny,H,49,024976,2,222287
IDFM:463201,La Motte-Picquet - Grenelle,8,48,849589,2,298617
IDFM:23298,La Ferme,T1,48,909675,2,437491
IDFM:monomodalStopPlace:43204,Stade de France Saint-Denis,D,48,917697,2,350443
IDFM:463204,La Tour-Maubourg,8,48,857698,2,310531
IDFM:463206,Le Peletier,7,48,874906,2,340179
IDFM:monomodalStopPlace:45873,Auber,A,48,872349,2,329659
IDFM:monomodalStopPlace:46965,Mantes Station,J,48,983609,1,715133
IDFM:monomodalStopPlace:44787,Rungis la Fraternelle,C,48,740216,2,352198
IDFM:monomodalStopPlace:43214,Vanves - Malakoff,N,48,818289,2,291974
IDFM:monomodalStopPlace:43213,Val d'Europe,A,48,854846,2,772427
IDFM:monomodalStopPlace:43212,Val d'Argenteuil,J,48,950657,2,232694
IDFM:483277,Barbara,4,48,809795,2,317458
IDFM:37466,Hôtel de Ville de Bobigny,T1,48,906539,2,443814
IDFM:472147,Aulnay-sous-Bois,T4,48,931940,2,496664
IDFM:471056,Bréval,TER Normandie,48,943477,1,541822
IDFM:472386,La Ferté-sous-Jouarre,TER Grand-Est,48,950782,3,124705
IDFM:monomodalStopPlace:43218,Vernou-sur-Seine,R,48,386675,2,842150
IDFM:monomodalStopPlace:43217,Vaux-sur-Seine,J,49,007355,1,963026
IDFM:24398,Ella Fitzgerald,T3b,48,897413,2,395087
IDFM:monomodalStopPlace:43216,Vaucresson,L,48,836684,2,152675
IDFM:24399,Porte de la Villette (Cité des Sciences et de l'industrie),T3b,48,897455,2,386480
IDFM:monomodalStopPlace:43215,Vauboyen,V,48,758971,2,192552
IDFM:monomodalStopPlace:45877,Gentilly,B,48,815228,2,340927
IDFM:monomodalStopPlace:46725,Villeparisis - Mitry-le-Neuf,B,48,953162,2,603221
IDFM:41952,Centre de Châtillon,T6,48,804201,2,289041
IDFM:463219,Mairie d'Issy,12,48,824254,2,273559
IDFM:monomodalStopPlace:479059,Rosny-sur-Seine,J,48,997517,1,629817
IDFM:490835,Chevilly-Larue (Marché International),14,48,758488,2,367409
IDFM:22184,Daumesnil,8,48,839674,2,395574
IDFM:24121,Brancion,T3a,48,828675,2,300769
IDFM:24122,Montsouris,T3a,48,821518,2,333315
IDFM:22185,Invalides,13,48,859984,2,314300
IDFM:463221,Mairie de Montreuil,9,48,862294,2,441629
IDFM:24125,Montempoivre,T3a,48,839875,2,408876
IDFM:463222,Mairie de Montrouge,4,48,818463,2,319572
IDFM:24126,Porte de Choisy,T3a,48,819742,2,363976
IDFM:471084,Chartres,TER Centre - Val de Loire,48,448239,1,480621
IDFM:463225,Maisons-Alfort - Stade,8,48,808948,2,434872
IDFM:463226,Michel Bizot,8,48,837039,2,402324
IDFM:monomodalStopPlace:44514,Porte de Clichy,C,48,894263,2,315941
IDFM:24128,Porte de Vanves,T3a,48,827414,2,306664
IDFM:490848,Maison Blanche,14,48,821199,2,358952
IDFM:463208,Les Halles,4,48,862516,2,346067
IDFM:490849,Hôpital Bicêtre,14,48,809958,2,349981
IDFM:monomodalStopPlace:45850,Le Bras de Fer,D,48,623306,2,452005
IDFM:22191,École Militaire,8,48,854891,2,306393
IDFM:22190,Commerce,8,48,844611,2,293770
IDFM:22193,Invalides,8,48,860846,2,314815
IDFM:monomodalStopPlace:462394_IDFM:C01863,Gare du Nord,TER Hauts-de-France,48,882307,2,356693
IDFM:24130,Didot,T3a,48,825928,2,313351
IDFM:monomodalStopPlace:43245_IDFM:C01731,Nemours-Saint-Pierre,R,48,268637,2,685052
IDFM:22196,Richelieu - Drouot,8,48,871690,2,338440
IDFM:24131,Georges Brassens,T3a,48,829833,2,295734
IDFM:463210,Louise Michel,3,48,888516,2,288223
IDFM:22199,République,8,48,867453,2,363203
IDFM:24136,Poterne des Peupliers,T3a,48,820787,2,350888
IDFM:monomodalStopPlace:473506,Louveciennes,L,48,861260,2,122778
IDFM:22198,Bonne Nouvelle,8,48,870558,2,348536
IDFM:463211,Lourmel,8,48,838723,2,282139
IDFM:24137,Avenue de France,T3a,48,825524,2,381027
IDFM:24135,Porte Dorée,T3a,48,835552,2,406582
IDFM:463216,Les Gobelins,7,48,835867,2,352474
IDFM:24138,Porte de Charenton,T3a,48,831994,2,398353
IDFM:monomodalStopPlace:45820,Le Plessis Chenet,D,48,573587,2,479522
IDFM:monomodalStopPlace:427872,Lagny - Thorigny,P,48,882190,2,705955
IDFM:478974,Orly - Gaston Viens,T9,48,745064,2,408657
IDFM:478976,Musée MAC VAL,T9,48,792854,2,386247
IDFM:478978,Rouget de Lisle,T9,48,763898,2,405818
IDFM:22160,Saint-Jacques,6,48,832887,2,337125
IDFM:463240,Monceau,2,48,880569,2,309413
IDFM:22164,Trocadéro,6,48,863475,2,287559
IDFM:463242,Mouton-Duvernet,4,48,831360,2,329839
IDFM:463000,Bastille,8,48,853455,2,369579
IDFM:463243,Ménilmontant,2,48,866415,2,383485
IDFM:463001,Gare de l'Est,7,48,876316,2,358112
IDFM:463002,Bobigny-Pantin - Raymond Queneau,5,48,895620,2,426293
IDFM:22165,Passy,6,48,857523,2,285710
IDFM:463244,Opéra,8,48,870632,2,332115
IDFM:463003,Place d'Italie,6,48,830953,2,356076
IDFM:463245,Opéra,7,48,870315,2,332505
IDFM:463004,Nationale,6,48,833208,2,362831
IDFM:22167,Picpus,6,48,845060,2,401261
IDFM:463005,Bir-Hakeim,6,48,853905,2,289349
IDFM:24107,Alexandra David-Néel,T3a,48,843672,2,410093
IDFM:monomodalStopPlace:411378_IDFM:C01747,Château-Thierry,TER Grand-Est,49,037933,3,409554
IDFM:24108,Balard,T3a,48,836109,2,278108
IDFM:463249,Palais Royal - Musée du Louvre,7,48,862725,2,337047
IDFM:monomodalStopPlace:45824,Le Coudray-Montceaux,D,48,566198,2,492424
IDFM:monomodalStopPlace:43166_IDFM:C01737,Montigny - Beauchamp,H,49,007744,2,196515
IDFM:463229,Pernety,13,48,833865,2,317981
IDFM:24109,Jean Moulin,T3a,48,824710,2,318857
IDFM:monomodalStopPlace:44500,Port Royal,B,48,840064,2,337138
IDFM:monomodalStopPlace:479035_IDFM:C02368,Paris-Bercy Bourgogne - Pays d'Auvergne,TER Centre - Val de Loire,48,838586,2,384210
IDFM:22171,Dupleix,6,48,850398,2,293650
IDFM:22173,Glacière,6,48,831143,2,343468
IDFM:24110,Porte d'Ivry,T3a,48,821838,2,370065
IDFM:22172,Edgar Quinet,6,48,840942,2,325331
IDFM:24111,Porte de Versailles - Parc des Expositions,T3a,48,832661,2,288053
IDFM:471097,La Villette Saint-Prest,TER Centre - Val de Loire,48,482573,1,524367
IDFM:463230,Philippe Auguste,2,48,858132,2,390523
IDFM:22175,Corvisart,6,48,829860,2,350611
IDFM:22174,Chevaleret,6,48,834954,2,368088
IDFM:463231,Pont Marie (Cité des Arts),7,48,853473,2,357390
IDFM:22177,Bel-Air,6,48,841427,2,400867
IDFM:463232,Pont Neuf,7,48,858501,2,341743
IDFM:monomodalStopPlace:43166_IDFM:C01727,Montigny - Beauchamp,C,49,007744,2,196515
IDFM:22176,Cambronne,6,48,847518,2,302920
IDFM:463233,Pont de Sèvres,9,48,829678,2,230512
IDFM:24115,Cité Universitaire,T3a,48,820351,2,338628
IDFM:26534,Porte de Vincennes,T3b,48,847375,2,409629
IDFM:monomodalStopPlace:46926,Triel-sur-Seine,J,48,981416,2,005709
IDFM:24112,Stade Charléty - Porte de Gentilly,T3a,48,819491,2,345756
IDFM:monomodalStopPlace:427870,Rambouillet,N,48,643846,1,832208
IDFM:monomodalStopPlace:411378_IDFM:C01730,Château-Thierry,P,49,037934,3,409523
IDFM:463235,Porte d'Italie,7,48,819070,2,359496
IDFM:463236,Marx Dormoy,12,48,890593,2,359877
IDFM:24118,Porte d'Orléans,T3a,48,823147,2,325551
IDFM:463237,Maubert - Mutualité,10,48,850153,2,348250
IDFM:463238,Michel-Ange - Auteuil,9,48,847694,2,263874
IDFM:24116,Desnouettes,T3a,48,834359,2,284011
IDFM:24117,Porte d'Italie,T3a,48,819024,2,360089
IDFM:monomodalStopPlace:43067,Arcueil - Cachan,B,48,798698,2,328093
IDFM:monomodalStopPlace:43066,Antony,B,48,754632,2,300890
IDFM:monomodalStopPlace:47669,Lieusaint - Moissy,D,48,628336,2,569507
IDFM:monomodalStopPlace:58498_IDFM:C01729,Rosa Parks,E,48,896458,2,373718
IDFM:monomodalStopPlace:47665,Savigny-le-Temple - Nandy,D,48,595490,2,583936
IDFM:monomodalStopPlace:473159,Deuil - Montmagny,H,48,975926,2,338131
IDFM:monomodalStopPlace:43068,Arpajon,C,48,585997,2,241217
IDFM:monomodalStopPlace:58798,Pont du Garigliano - Hôpital Européen G. Pompidou,C,48,838883,2,270470
IDFM:monomodalStopPlace:479035_IDFM:C01745,Paris-Bercy Bourgogne - Pays d'Auvergne,TER Bourgogne - Franche-Comté,48,838586,2,384210
IDFM:24682,Place des Fêtes,7B,48,876939,2,392960
IDFM:22261,Gaston Roulaud,T1,48,914093,2,431296
IDFM:monomodalStopPlace:47898_IDFM:C01739,Ermont - Eaubonne,J,48,980499,2,270754
IDFM:463141,Cardinal Lemoine,10,48,846700,2,351328
IDFM:22021,Pereire,3,48,884887,2,297692
IDFM:463142,Charenton - Écoles,8,48,821368,2,413846
IDFM:24680,Jaurès,7B,48,882335,2,370459
IDFM:monomodalStopPlace:470195_IDFM:C01728,Gare de Lyon,D,48,843402,2,376366
IDFM:monomodalStopPlace:47898_IDFM:C01737,Ermont - Eaubonne,H,48,980499,2,270754
IDFM:22020,Père Lachaise,3,48,863003,2,386194
IDFM:24681,Louis Blanc,7B,48,881195,2,364395
IDFM:24686,Botzaris,7B,48,879486,2,388905
IDFM:480942,Mareil-Marly,T13,48,881255,2,079248
IDFM:22022,Porte de Bagnolet,3,48,864434,2,408789
IDFM:24687,Danube,7B,48,881949,2,393228
IDFM:24684,Pré-Saint-Gervais,7B,48,880160,2,398581
IDFM:22267,Marché de Saint-Denis,T1,48,938604,2,355868
IDFM:monomodalStopPlace:58792,Sucy - Bonneuil,A,48,772064,2,507499
IDFM:22024,Quatre Septembre,3,48,869628,2,336299
IDFM:24685,Bolivar,7B,48,880790,2,374139
IDFM:monomodalStopPlace:58793,Villepinte,B,48,962565,2,512784
IDFM:22027,Villiers,3,48,881114,2,315803
IDFM:22269,Théâtre Gérard Philipe,T1,48,937509,2,350400
IDFM:22028,Wagram,3,48,883804,2,304649
IDFM:monomodalStopPlace:43078,Épinay - Villetaneuse,H,48,957929,2,328760
IDFM:monomodalStopPlace:43077,Épinay-sur-Seine,C,48,953826,2,302388
IDFM:monomodalStopPlace:43076,Épinay-sur-Orge,C,48,669348,2,332044
IDFM:monomodalStopPlace:43075,Enghien-les-Bains,H,48,972881,2,306793
IDFM:monomodalStopPlace:43079,Éragny - Neuville,J,49,017901,2,090571
IDFM:monomodalStopPlace:43070,Aubergenville Élisabethville,J,48,972332,1,848960
IDFM:490762,Serge Gainsbourg,11,48,881231,2,427162
IDFM:monomodalStopPlace:44161,Montgeroult - Courcelles,J,49,080812,2,002946
IDFM:monomodalStopPlace:45493,Pont Cardinet,L,48,888395,2,312950
IDFM:490764,Romainville - Carnot,11,48,883633,2,440684
IDFM:monomodalStopPlace:58498_IDFM:C01730,Rosa Parks,P,48,896458,2,373718
IDFM:monomodalStopPlace:43074,Émerainville - Pontault-Combault,E,48,805879,2,618503
IDFM:monomodalStopPlace:43073,Écouen - Ézanville,H,49,023199,2,362237
IDFM:480938,Noisy-le-Roi,T13,48,841266,2,061601
IDFM:480936,Les Portes de Saint-Cyr,T13,48,806603,2,077223
IDFM:22030,Opéra,3,48,871474,2,331088
IDFM:22031,Malesherbes,3,48,882802,2,309463
IDFM:29903,Villejuif - Louis Aragon,T7,48,787294,2,366944
IDFM:29902,Bretagne,T7,48,768201,2,368032
IDFM:480930,L'Etang - Les Sablons,T13,48,872493,2,069144
IDFM:463135,Boucicaut,8,48,841073,2,287856
IDFM:22035,Pont de Levallois - Bécon,3,48,897208,2,280242
IDFM:29904,Moulin Vert,T7,48,772054,2,367809
IDFM:22038,Montparnasse Bienvenue,12,48,843783,2,323956
IDFM:monomodalStopPlace:47897_IDFM:C01740,Cergy Saint-Christophe,L,49,049642,2,034522
IDFM:22037,Gallieni,3,48,865263,2,415926
IDFM:480934,Allée Royale,T13,48,814713,2,078551
IDFM:29901,Porte de Rungis,T7,48,752572,2,355259
IDFM:monomodalStopPlace:470195_IDFM:C01731,Gare de Lyon,R,48,843402,2,376366
IDFM:monomodalStopPlace:47897_IDFM:C01742,Cergy Saint-Christophe,A,49,049642,2,034522
IDFM:22039,Pasteur,12,48,842891,2,312603
IDFM:29900,La Fraternelle,T7,48,741703,2,352789
IDFM:22239,Carrefour Pleyel,13,48,918999,2,342574
IDFM:monomodalStopPlace:47886,Nogent-sur-Marne,A,48,834307,2,471684
IDFM:monomodalStopPlace:47889,Saint-Rémy-lès-Chevreuse,B,48,702733,2,071386
IDFM:monomodalStopPlace:47888,Gif-sur-Yvette,B,48,698176,2,136494
IDFM:monomodalStopPlace:47883,Chaville - Vélizy,C,48,799681,2,183419
IDFM:monomodalStopPlace:46552,Nogent - Le Perreux,E,48,839991,2,493955
IDFM:478650,République - Marx Dormoy,T4,48,906575,2,524003
IDFM:monomodalStopPlace:47885,Plaisir - Grignon,N,48,831926,1,943538
IDFM:478652,Notre-Dame-des-Anges,T4,48,900929,2,556069
IDFM:monomodalStopPlace:47884,Fontenay-le-Fleury,N,48,807273,2,040705
IDFM:470928,Bueil,TER Normandie,48,925350,1,443345
IDFM:478654,Maurice Audin,T4,48,908433,2,539197
IDFM:monomodalStopPlace:47881,Les Mureaux,J,48,992591,1,913467
IDFM:478656,Hôpital de Montfermeil,T4,48,900924,2,570692
IDFM:monomodalStopPlace:47880,La Celle-Saint-Cloud,L,48,842625,2,138237
IDFM:478658,Léon Blum,T4,48,908509,2,532293
IDFM:478659,Romain Rolland,T4,48,904747,2,547940
IDFM:monomodalStopPlace:43072_IDFM:C01857,Gare d'Austerlitz,TER Centre - Val-de-Loire,48,840320,2,367819
IDFM:463161,Cité,4,48,854927,2,347297
IDFM:463163,Félix Faure,8,48,842716,2,291800
IDFM:463164,Concorde,12,48,866165,2,323120
IDFM:22240,Basilique de Saint-Denis,13,48,936585,2,359264
IDFM:463165,Cour Saint-Emilion,14,48,833335,2,386541
IDFM:463166,Créteil - L'Échat,8,48,796611,2,449397
IDFM:22243,Mairie de Saint-Ouen,13,48,911634,2,333744
IDFM:480964,Pont du Garigliano,T3a,48,838046,2,271249
IDFM:22000,Saint-Marcel,5,48,838508,2,360729
IDFM:463167,Créteil - Université,8,48,789929,2,450549
IDFM:22242,Saint-Denis - Université,13,48,945835,2,364570
IDFM:24423,Porte de Pantin - Parc de la Villette,T3b,48,889044,2,395669
IDFM:22003,Porte de Pantin,5,48,888497,2,392092
IDFM:22002,Richard-Lenoir,5,48,859868,2,371882
IDFM:463169,Daumesnil,6,48,839486,2,396147
IDFM:24421,Adrienne Bolland,T3b,48,872102,2,408626
IDFM:monomodalStopPlace:470195_IDFM:C01745,Gare de Lyon,TER Bourgogne - Franche-Comté,48,843402,2,376366
IDFM:22005,Ourcq,5,48,887033,2,386664
IDFM:24426,La Courneuve - 8 Mai 1945,T1,48,920810,2,410570
IDFM:22007,Gare du Nord,5,48,879691,2,357280
IDFM:24424,Drancy - Avenir,T1,48,917778,2,417700
IDFM:monomodalStopPlace:470195_IDFM:C01742,Gare de Lyon,A,48,843402,2,376366
IDFM:22009,Campo-Formio,5,48,835569,2,358605
IDFM:22008,Bréguet-Sabin,5,48,856231,2,370265
IDFM:monomodalStopPlace:47882_IDFM:C01739,Épône - Mézières,J,48,963405,1,809133
IDFM:monomodalStopPlace:473364,Aéroport Charles de Gaulle 2 (Terminal 2),B,49,004146,2,570980
IDFM:monomodalStopPlace:47899,Mennecy,D,48,570549,2,431935
IDFM:monomodalStopPlace:46568,Roissy-en-Brie,E,48,795634,2,650531
IDFM:monomodalStopPlace:47654,Bois-le-Roi,R,48,475798,2,691543
IDFM:monomodalStopPlace:47895,Boutigny,D,48,434425,2,376745
IDFM:478646,Arboretum,T4,48,897928,2,561728
IDFM:monomodalStopPlace:47882_IDFM:C01736,Épône - Mézières,N,48,963405,1,809133
IDFM:463151,Concorde,8,48,866541,2,321973
IDFM:463153,Corentin Celton,12,48,826823,2,278959
IDFM:463155,Crimée,7,48,890850,2,376987
IDFM:463156,Buttes Chaumont,7B,48,878461,2,381601
IDFM:24431,Gare de Saint-Denis,T1,48,935968,2,344086
IDFM:463158,Châtelet,4,48,859689,2,346701
IDFM:24432,Faubourg de l'Arche,T2,48,896813,2,240057
IDFM:24679,Front Populaire,12,48,906714,2,365785
IDFM:463159,Châtelet,14,48,859536,2,346344
IDFM:22015,Bobigny - Pablo Picasso,5,48,906366,2,449164
IDFM:monomodalStopPlace:47412_IDFM:C01739,La Garenne-Colombes,J,48,909577,2,239795
IDFM:22219,Porte de Clichy,13,48,894420,2,313532
IDFM:monomodalStopPlace:45447,Avenue Henri Martin,C,48,865455,2,272235
IDFM:490553,Marché de Saint-Denis,T5,48,938974,2,356232
IDFM:monomodalStopPlace:58759,Charles de Gaulle - Étoile,A,48,874173,2,295231
IDFM:463183,Gare du Nord,4,48,879551,2,356789
IDFM:monomodalStopPlace:58757,Champ de Mars Tour Eiffel,C,48,856477,2,289656
IDFM:463184,Gaîté,13,48,838756,2,322461
IDFM:463188,Havre-Caumartin,9,48,873712,2,327664
IDFM:22221,Porte de Vanves,13,48,827381,2,304778
IDFM:24400,Séverine,T3b,48,867490,2,408944
IDFM:23312,Cimetière de Saint-Denis,T1,48,936402,2,363710
IDFM:22223,Plaisance,13,48,831742,2,313949
IDFM:24404,Butte du Chapeau Rouge,T3b,48,885038,2,396752
IDFM:24405,Marie de Miribel,T3b,48,858689,2,409678
IDFM:24402,Canal Saint-Denis,T3b,48,898715,2,380457
IDFM:monomodalStopPlace:47876,Goussainville,D,49,023411,2,462566
IDFM:22228,Guy Môquet,13,48,893020,2,327517
IDFM:monomodalStopPlace:47875,Argenteuil,J,48,946895,2,257914
IDFM:24406,Porte de Montreuil,T3b,48,852993,2,410744
IDFM:monomodalStopPlace:48964,Saint-Leu-la-Forêt,H,49,015238,2,242887
IDFM:monomodalStopPlace:47878,Parc des Expositions,B,48,973568,2,514551
IDFM:monomodalStopPlace:46304,Villeneuve Triage,D,48,744611,2,438698
IDFM:monomodalStopPlace:47877,Rosny-sous-Bois,E,48,870071,2,485756
IDFM:monomodalStopPlace:45453,Boulainvilliers,C,48,856981,2,274807
IDFM:478664,Clichy - Montfermeil,T4,48,904576,2,555042
IDFM:monomodalStopPlace:47879_IDFM:C01742,Neuville Université,A,49,013743,2,078349
IDFM:monomodalStopPlace:415484,Égly,C,48,582716,2,223463
IDFM:monomodalStopPlace:47879_IDFM:C01740,Neuville Université,L,49,013743,2,078349
IDFM:monomodalStopPlace:47412_IDFM:C01740,La Garenne-Colombes,L,48,909577,2,239795
IDFM:10219,Terminal 2 Gare,CDG VAL,49,004768,2,571604
IDFM:463170,Esplanade de la Défense,1,48,888041,2,250086
IDFM:monomodalStopPlace:57674,Petit Jouy Les Loges,V,48,771238,2,146852
IDFM:10217,Parking Px,CDG VAL,49,010039,2,570603
IDFM:463173,Falguière,12,48,844381,2,317530
IDFM:463176,Croix de Chavaux,9,48,857993,2,435855
IDFM:22232,Les Agnettes,13,48,923043,2,286305
IDFM:463178,Église de Pantin,5,48,893204,2,413097
IDFM:22231,Brochant,13,48,890604,2,320150
IDFM:24412,Colette Besson,T3b,48,898482,2,363621
IDFM:463179,Fort d'Aubervilliers,7,48,914732,2,404132
IDFM:22234,Gabriel Péri,13,48,916602,2,294382
IDFM:22233,Asnières - Gennevilliers - Les Courtilles,13,48,930751,2,284165
IDFM:24410,Hôpital Robert Debré,T3b,48,879476,2,401213
IDFM:22236,Malakoff - Rue Étienne Dolet,13,48,815302,2,297048
IDFM:24415,Porte des Lilas,T3b,48,876699,2,406972
IDFM:monomodalStopPlace:46307,Villeneuve-le-Roi,C,48,739687,2,426424
IDFM:22235,Malakoff - Plateau de Vanves,13,48,822275,2,298220
IDFM:22238,Mairie de Clichy,13,48,903964,2,305317
IDFM:24413,Porte d'Aubervilliers,T3b,48,898582,2,368905
IDFM:24414,Porte de Bagnolet,T3b,48,863393,2,408820
IDFM:monomodalStopPlace:47603,Herblay,J,48,990136,2,162232
IDFM:480531,Porte de Clichy,14,48,894311,2,313418
IDFM:monomodalStopPlace:43247,Marles-en-Brie,P,48,734819,2,868812
IDFM:monomodalStopPlace:43246,La Ferté-sous-Jouarre,P,48,950782,3,124705
IDFM:470966,Champagne-sur-Seine,TER Bourgogne - Franche-Comté,48,407265,2,798916
IDFM:22201,Saint-Sébastien - Froissart,8,48,860968,2,367248
IDFM:22200,Filles du Calvaire,8,48,863065,2,366711
IDFM:monomodalStopPlace:43248,Marly-le-Roi,L,48,871529,2,096537
IDFM:22203,Ledru-Rollin,8,48,851265,2,376033
IDFM:22202,Chemin Vert,8,48,857097,2,368158
IDFM:22205,Montgallet,8,48,844035,2,390461
IDFM:22204,Faidherbe - Chaligny,8,48,850156,2,384051
IDFM:22209,Liberté,8,48,826114,2,406450
IDFM:22208,Porte de Charenton,8,48,833530,2,402442
IDFM:monomodalStopPlace:43251,Garges - Sarcelles,D,48,976326,2,389955
IDFM:490789,Montreuil - Hôpital,11,48,878301,2,454676
IDFM:463190,Iéna,9,48,864733,2,293885
IDFM:463191,Jacques Bonsergent,5,48,870644,2,361078
IDFM:463194,La Motte-Picquet - Grenelle,6,48,848732,2,298932
IDFM:490792,Coteaux Beauclair,11,48,882104,2,467399
IDFM:490791,La Dhuys,11,48,878047,2,465136
IDFM:monomodalStopPlace:47898_IDFM:C01727,Ermont - Eaubonne,C,48,980499,2,270754
IDFM:490794,Saint-Denis - Pleyel,14,48,918823,2,345817
IDFM:490793,Rosny-Bois-Perrier,11,48,883048,2,480610
IDFM:23300,Libération,T1,48,906938,2,438632
IDFM:23301,Hôtel de ville de la Courneuve,T1,48,927458,2,392193
IDFM:monomodalStopPlace:45437,Avenue Foch,C,48,869853,2,274771
IDFM:22213,Créteil - Préfecture,8,48,779757,2,459305
IDFM:23302,Danton,T1,48,922710,2,406618
IDFM:23303,Stade Géo André,T1,48,924365,2,402082
IDFM:monomodalStopPlace:411440_IDFM:C01746,Creil,TER Hauts-de-France,49,264186,2,468929
IDFM:472924,Laroche - Migennes,TER Bourgogne - Franche-Comté,47,961169,3,512695
IDFM:monomodalStopPlace:474082,Noisy-le-Grand - Mont d'Est,A,48,840885,2,548807
IDFM:monomodalStopPlace:45102_IDFM:C01742,Châtelet - Les Halles,A,48,861745,2,346977
IDFM:monomodalStopPlace:45102_IDFM:C01743,Châtelet - Les Halles,B,48,861745,2,346977
IDFM:2340,Mail de la Plaine,T6,48,783702,2,247012
IDFM:monomodalStopPlace:58566_IDFM:C02375,Gare Saint-Lazare,TER Normandie,48,877476,2,324439
IDFM:472914,Beauvais,TER Hauts-de-France,49,426199,2,088385
IDFM:2347,Meudon-la-Forêt,T6,48,783581,2,225244
IDFM:2344,Hôpital Béclère,T6,48,786722,2,254516
IDFM:2343,Georges Pompidou,T6,48,784903,2,237100
IDFM:monomodalStopPlace:464040,Le Vert de Maisons,D,48,788831,2,432124
IDFM:monomodalStopPlace:411440_IDFM:C01728,Creil,D,49,264186,2,468929
IDFM:monomodalStopPlace:47009,Palaiseau,B,48,716865,2,245584
IDFM:2331,Mairie de Vélizy,T6,48,780452,2,191477
IDFM:monomodalStopPlace:474069,Lozère,B,48,705912,2,212718
IDFM:2330,Louvois,T6,48,780077,2,196512
IDFM:monomodalStopPlace:45067,Villeneuve-Saint-Georges,D,48,730080,2,446305
IDFM:monomodalStopPlace:47486,Lizy-sur-Ourcq,P,49,021727,3,031783
IDFM:480330,Mairie de Saint-Ouen,14,48,911673,2,333491
IDFM:monomodalStopPlace:43209_IDFM:C01741,Trappes,U,48,774785,2,006590
IDFM:monomodalStopPlace:47482,Nanteuil - Saâcy,P,48,974002,3,219426
IDFM:2336,Châtillon - Montrouge,T6,48,810408,2,300647
IDFM:2339,Pavé Blanc,T6,48,780834,2,240058
IDFM:monomodalStopPlace:46395,Athis-Mons,C,48,712668,2,403669
IDFM:monomodalStopPlace:47484,Isles - Armentières - Congis,P,48,998375,3,007872
IDFM:2338,Parc André Malraux,T6,48,799891,2,281952
IDFM:2333,Inovel Parc Nord,T6,48,781389,2,209074
IDFM:10215,Parking Pr,CDG VAL,49,008959,2,544778
IDFM:472945,Rosny-sur-Seine,TER Normandie,48,997517,1,629817
IDFM:2335,Dewoitine,T6,48,783609,2,214410
IDFM:monomodalStopPlace:43205_IDFM:C01740,Suresnes Mont Valérien,L,48,871690,2,221057
IDFM:monomodalStopPlace:43209_IDFM:C01736,Trappes,N,48,774785,2,006590
IDFM:monomodalStopPlace:43205_IDFM:C01741,Suresnes Mont Valérien,U,48,871690,2,221057
IDFM:22400,Villejuif - Louis Aragon,7,48,787555,2,367778
IDFM:22401,Villejuif Paul Vaillant-Couturier,7,48,796313,2,368264
IDFM:monomodalStopPlace:411440_IDFM:C01737,Creil,H,49,264186,2,468929
IDFM:monomodalStopPlace:46163,Le Blanc-Mesnil,B,48,932307,2,475388
IDFM:471604,Paris Est,TER Grand-Est,48,878791,2,359641
IDFM:monomodalStopPlace:47491,Crouy-sur-Ourcq,P,49,091890,3,062669
IDFM:monomodalStopPlace:46375,Vitry-sur-Seine,C,48,800281,2,402694
IDFM:monomodalStopPlace:44199,Noisiel,A,48,843514,2,616661
IDFM:35930,Chevilly-Larue,T7,48,759580,2,366382
IDFM:monomodalStopPlace:43211_IDFM:C01730,Vaires - Torcy,P,48,875173,2,637706
IDFM:monomodalStopPlace:43219_IDFM:C01741,Versailles Chantiers,U,48,795260,2,134908
IDFM:monomodalStopPlace:43219_IDFM:C01736,Versailles Chantiers,N,48,795260,2,134908
IDFM:monomodalStopPlace:59206,Sceaux,B,48,781308,2,297928
IDFM:35926,Porte de l'Essonne,T7,48,714479,2,371693
IDFM:472731,Saint-Quentin en Yvelines - Montigny-le-Bretonneux,TER Centre - Val de Loire,48,787359,2,044573
IDFM:35927,Aéroport d'Orly,T7,48,729562,2,368262
IDFM:480340,Pont Cardinet,14,48,888103,2,315280
IDFM:monomodalStopPlace:47238,Fontenay-sous-Bois,A,48,843789,2,463538
IDFM:22627,Escadrille Normandie-Niemen,T1,48,912701,2,435439
IDFM:22625,Bobigny - Pablo Picasso,T1,48,906518,2,449960
IDFM:monomodalStopPlace:46387,Ablon,C,48,725781,2,419867
IDFM:480341,Saint-Ouen,14,48,905192,2,322708
IDFM:35940,Place de la Logistique,T7,48,752820,2,361968
IDFM:35941,La Belle Epine,T7,48,756690,2,368376
IDFM:471867,Nemours - Saint-Pierre,TER Centre - Val de Loire,48,268687,2,684972
IDFM:monomodalStopPlace:43105_IDFM:C01737,Cernay,H,48,985149,2,257018
IDFM:35943,Robert Schuman (Parc Silic Centre),T7,48,746614,2,352830
IDFM:35935,Saarinen,T7,48,750207,2,354390
IDFM:monomodalStopPlace:43219_IDFM:C01727,Versailles Chantiers,C,48,795260,2,134908
IDFM:22630,La Courneuve - Six Routes,T1,48,929974,2,384752
IDFM:22633,Basilique de Saint-Denis,T1,48,938055,2,360789
IDFM:22632,Cosmonautes,T1,48,931743,2,378180
IDFM:462942,Nation,9,48,848932,2,395933
IDFM:monomodalStopPlace:47205,Guérard - La Celle-sur-Morin,P,48,810769,2,953812
IDFM:monomodalStopPlace:47447,Conflans-Sainte-Honorine,J,48,996919,2,098717
IDFM:479383,Garges - Sarcelles,T5,48,977157,2,390655
IDFM:monomodalStopPlace:415091,Pont de l'Alma,C,48,862475,2,300359
IDFM:monomodalStopPlace:43088,Gare de Bellevue,N,48,818873,2,229956
IDFM:21989,Boulogne Pont de Saint-Cloud,10,48,840672,2,228313
IDFM:monomodalStopPlace:43087,Ballancourt,D,48,531015,2,370093
IDFM:21988,Boulogne Jean Jaurès,10,48,842027,2,239060
IDFM:monomodalStopPlace:43086,Orsay Ville,B,48,697508,2,180809
IDFM:monomodalStopPlace:47684,Montgeron - Crosne,D,48,708711,2,461377
IDFM:monomodalStopPlace:43081,Étréchy,C,48,493877,2,194769
IDFM:monomodalStopPlace:43080,Étampes,C,48,437063,2,159819
IDFM:472503,Les Pavillons-sous-Bois,T4,48,902682,2,511952
IDFM:monomodalStopPlace:43084,Issy,C,48,819337,2,257884
IDFM:471897,Étampes,TER Centre - Val-de-Loire,48,437043,2,159782
IDFM:472986,Épinay-sur-Seine,T11,48,954599,2,302381
IDFM:monomodalStopPlace:43083,Igny,V,48,740849,2,230808
IDFM:monomodalStopPlace:43105_IDFM:C01727,Cernay,C,48,985149,2,257018
IDFM:monomodalStopPlace:45102_IDFM:C01728,Châtelet - Les Halles,D,48,861745,2,346977
IDFM:21992,Rambuteau,11,48,861190,2,353274
IDFM:monomodalStopPlace:58572,Magenta,E,48,880810,2,358696
IDFM:21994,Arts et Métiers,3,48,865575,2,356703
IDFM:486902,Évry - Courcouronnes,T12,48,624931,2,425476
IDFM:21993,Télégraphe,11,48,875515,2,398662
IDFM:21996,Goncourt,11,48,869972,2,370922
IDFM:21995,Jourdain,11,48,875247,2,389325
IDFM:monomodalStopPlace:43099,Breuillet Village,C,48,564334,2,170354
IDFM:462951,Porte de Saint-Ouen,13,48,897502,2,328994
IDFM:monomodalStopPlace:43098,Brétigny,C,48,606649,2,301957
IDFM:21999,Mairie des Lilas,11,48,879701,2,416324
IDFM:462950,Rue du Bac,12,48,855880,2,325686
IDFM:monomodalStopPlace:43097,Bourg-la-Reine,B,48,780264,2,312278
IDFM:monomodalStopPlace:46366,Ivry-sur-Seine,C,48,813959,2,391677
IDFM:473828,Orly 4,ORLYVAL,48,728689,2,368130
IDFM:monomodalStopPlace:43092,Boigneville,D,48,341209,2,378618
IDFM:472737,Versailles Chantiers,TER Centre - Val de Loire,48,795115,2,134980
IDFM:monomodalStopPlace:43091,Bièvres,V,48,750872,2,216160
IDFM:monomodalStopPlace:43090,Bessancourt,H,49,035276,2,210301
IDFM:473827,Orly 1-2-3,ORLYVAL,48,729588,2,359519
IDFM:471887,Stains - La Cerisaie,T11,48,954731,2,391778
IDFM:monomodalStopPlace:43094,Boissy-Saint-Léger,A,48,752267,2,504498
IDFM:monomodalStopPlace:58774_IDFM:C01727,Massy - Palaiseau,C,48,725519,2,258768
IDFM:462949,Convention,12,48,837130,2,296378
IDFM:462948,Pasteur,6,48,842506,2,312854
IDFM:486810,Jardin Parisien,T10,48,790056,2,252692
IDFM:486812,Hôpital Béclère,T10,48,787213,2,253141
IDFM:472407,Versailles Chantiers,TER Normandie,48,795117,2,134892
IDFM:monomodalStopPlace:43238_IDFM:C01736,Gare Montparnasse,N,48,838411,2,316389
IDFM:monomodalStopPlace:411342,Liancourt-Saint-Pierre,J,49,220543,1,905479
IDFM:monomodalStopPlace:43238_IDFM:C01744,Gare Montparnasse,TER Centre - Val de Loire,48,838411,2,316389
IDFM:monomodalStopPlace:411345,Chaumont-en-Vexin,J,49,261190,1,873236
IDFM:monomodalStopPlace:53784,Le Vésinet - Centre,A,48,890138,2,134334
IDFM:471320,Jouy,TER Centre - Val de Loire,48,509922,1,557394
IDFM:monomodalStopPlace:53783,Chatou - Croissy,A,48,885197,2,155938
IDFM:monomodalStopPlace:411348,Lavilletertre,J,49,202382,1,920579
IDFM:422038,Viroflay - Rive Gauche,T6,48,801010,2,171287
IDFM:monomodalStopPlace:43241_IDFM:C01740,Chaville Rive Droite,L,48,812996,2,188589
IDFM:monomodalStopPlace:43241_IDFM:C01741,Chaville Rive Droite,U,48,812996,2,188589
IDFM:471308,Joigny,TER Bourgogne - Franche-Comté,47,973653,3,393453
IDFM:monomodalStopPlace:43114_IDFM:C01739,Conflans Fin d'Oise,J,48,991156,2,074650
IDFM:471787,Longueville,TER Grand-Est,48,513780,3,250051
IDFM:monomodalStopPlace:58879_IDFM:C01729,Chelles - Gournay,E,48,874119,2,583381
IDFM:monomodalStopPlace:43114_IDFM:C01742,Conflans Fin d'Oise,A,48,991156,2,074650
IDFM:monomodalStopPlace:58774_IDFM:C02711,Massy - Palaiseau,V,48,725519,2,258768
IDFM:monomodalStopPlace:58879_IDFM:C01730,Chelles - Gournay,P,48,874119,2,583381
IDFM:monomodalStopPlace:44602,Versailles Rive Droite,L,48,809491,2,136887
IDFM:monomodalStopPlace:43114_IDFM:C01740,Conflans Fin d'Oise,L,48,991156,2,074650
IDFM:41672,Vauban,T6,48,807208,2,294181
IDFM:monomodalStopPlace:470540,Invalides,C,48,862713,2,312658
IDFM:486834,La Croix de Berny,T10,48,762703,2,302939
IDFM:41674,Georges Millandy,T6,48,783478,2,230907
IDFM:486830,Petit-Châtenay,T10,48,762737,2,280687
IDFM:monomodalStopPlace:411365,Évreux Normandie,TER Normandie,49,018415,1,149856
IDFM:471341,Paris Saint-Lazare,TER Normandie,48,877767,2,325158
IDFM:486828,Théâtre La Piscine,T10,48,763782,2,272782
IDFM:486824,Cité-Jardin,T10,48,765524,2,259737
IDFM:486826,Les Peintres,T10,48,764695,2,266082
IDFM:486820,Malabry,T10,48,769369,2,249668
IDFM:486822,Vallée aux Loups,T10,48,766379,2,254881
IDFM:monomodalStopPlace:411381,Chézy-sur-Marne,P,48,991883,3,364415
IDFM:monomodalStopPlace:47095,Dourdan la Forêt,C,48,535421,1,996006
IDFM:monomodalStopPlace:411375,Mareuil-sur-Ourcq,P,49,135381,3,075499
IDFM:471335,Paris Austerlitz,TER Centre - Val-de-Loire,48,840198,2,367429
IDFM:monomodalStopPlace:411372,La Ferté-Milon,P,49,179632,3,120675
IDFM:486818,Noveos,T10,48,776710,2,249991
IDFM:486814,Le Hameau,T10,48,782572,2,253180
IDFM:486816,Parc des Sports,T10,48,779762,2,251900
IDFM:462400,Antony,ORLYVAL,48,754483,2,300763
IDFM:494486,Saint-Cyr - voie 2,T13,48,798993,2,074730
IDFM:monomodalStopPlace:59049,Auneau,TER Centre - Val-de-Loire,48,445347,1,779632
IDFM:472210,Dugny - La Courneuve,T11,48,943928,2,411093
IDFM:462414,Porte de Clignancourt,T3b,48,898032,2,345082
IDFM:486842,LaVallée,T10,48,761433,2,290446
IDFM:monomodalStopPlace:462901,Ozoir-la-Ferrière,E,48,770767,2,690116
IDFM:472678,Saint-Piat,TER Centre - Val de Loire,48,542612,1,590072
IDFM:monomodalStopPlace:44801,Saint-Maur - Créteil,A,48,806196,2,472909
IDFM:monomodalStopPlace:47046,La Hacquinière,B,48,695300,2,151611
IDFM:471383,Maintenon,TER Centre - Val de Loire,48,586776,1,592700
IDFM:monomodalStopPlace:411329,Saint-Leu-d'Esserent,H,49,213795,2,417071
IDFM:monomodalStopPlace:411326,Précy-sur-Oise,H,49,203477,2,377341
IDFM:462415,Diane Arbus - Porte des Poissonniers,T3b,48,898338,2,351708
IDFM:462436,Porte de Saint-Ouen,T3b,48,897663,2,329708
IDFM:monomodalStopPlace:411492_IDFM:C01736,Dreux,N,48,731106,1,370431
IDFM:472217,Mantes-la-Jolie,TER Normandie,48,989357,1,703893
IDFM:monomodalStopPlace:47052,Courcelle-sur-Yvette,B,48,701314,2,097722
IDFM:monomodalStopPlace:411332,Boran-sur-Oise,H,49,166649,2,362238
IDFM:monomodalStopPlace:461504_IDFM:C01727,Saint-Quentin en Yvelines - Montigny-le-Bretonneux,C,48,787485,2,044616
IDFM:monomodalStopPlace:411338,Trie-Château,J,49,282401,1,818497
IDFM:monomodalStopPlace:45763,Boissise-le-Roi,D,48,529857,2,571793
IDFM:monomodalStopPlace:47942,Mortcerf,P,48,789592,2,907476
IDFM:486898,Épinay-sur-Orge,T12,48,670590,2,335142
IDFM:486897,Longjumeau,T12,48,702369,2,293932
IDFM:490916,Villejuif - Gustave Roussy,14,48,793239,2,349243
IDFM:monomodalStopPlace:47944,Nézel - Aulnay,N,48,938829,1,840415
IDFM:monomodalStopPlace:47943,Mouroux,P,48,813702,3,043063
IDFM:490917,Aéroport d'Orly,14,48,727679,2,362486
IDFM:monomodalStopPlace:43103,Bures-sur-Yvette,B,48,696210,2,164346
IDFM:462441,Porte de Clichy - Tribunal de Paris,T3b,48,894640,2,314246
IDFM:monomodalStopPlace:43102,Buno - Gironville,D,48,371495,2,387254
IDFM:monomodalStopPlace:45761,Moulin Galant,D,48,586882,2,473445
IDFM:462440,Marguerite Long,T3b,48,889642,2,303081
IDFM:monomodalStopPlace:46850,Montfort-l'Amaury - Méré,N,48,802662,1,815835
IDFM:monomodalStopPlace:43101,Bry-sur-Marne,A,48,845137,2,525671
IDFM:monomodalStopPlace:470549_IDFM:C01740,La Défense,L,48,892230,2,238419
IDFM:monomodalStopPlace:470549_IDFM:C01741,La Défense,U,48,892230,2,238419
IDFM:486892,Chilly-Mazarin,T12,48,700880,2,307004
IDFM:monomodalStopPlace:470549_IDFM:C01742,La Défense,A,48,892230,2,238419
IDFM:monomodalStopPlace:44559_IDFM:C01742,Cergy Préfecture,A,49,036307,2,079781
IDFM:monomodalStopPlace:44559_IDFM:C01740,Cergy Préfecture,L,49,036307,2,079781
IDFM:monomodalStopPlace:43108,Chaville Rive Gauche,N,48,805190,2,189426
IDFM:monomodalStopPlace:43107,Chartrettes,R,48,487016,2,695269
IDFM:monomodalStopPlace:47949,Santeuil - Le Perchay,J,49,123345,1,949407
IDFM:463300,Saint-Augustin,9,48,874589,2,321023
IDFM:monomodalStopPlace:43106,Champagne-sur-Seine,R,48,407265,2,798916
IDFM:463301,Saint-Denis - Porte de Paris,13,48,929963,2,356138
IDFM:monomodalStopPlace:46857,Beynes,N,48,860057,1,875596
IDFM:monomodalStopPlace:47946,Presles - Courcelles,H,49,113675,2,287851
IDFM:463303,Saint-François-Xavier,13,48,851945,2,314460
IDFM:462439,Epinettes - Pouchet,T3b,48,897555,2,324881
IDFM:463304,Saint-Georges,12,48,878389,2,337513
IDFM:462438,Honoré De Balzac,T3b,48,896293,2,318773
IDFM:monomodalStopPlace:47948,Ris-Orangis,D,48,659057,2,414997
IDFM:462437,Angélique Compoint - Porte de Montmartre,T3b,48,897818,2,338190
IDFM:monomodalStopPlace:47953,Saint-Mammès,R,48,382647,2,816507
IDFM:monomodalStopPlace:43111,Clamart,N,48,814226,2,274244
IDFM:monomodalStopPlace:43110,Choisy-le-Roi,C,48,763880,2,411288
IDFM:monomodalStopPlace:47952,Saint-Chéron,C,48,550938,2,124977
IDFM:monomodalStopPlace:47955,Saint-Ouen-l'Aumône Quartier de l'Église,J,49,039094,2,103469
IDFM:486889,Gravigny Balizy,T12,48,686183,2,317279
IDFM:monomodalStopPlace:47954,Saint-Nom-la-Bretèche Forêt de Marly,L,48,867096,2,051300
IDFM:486888,Petit Vaux,T12,48,676579,2,332820
IDFM:monomodalStopPlace:43115,Corbeil-Essonnes,D,48,613239,2,472468
IDFM:monomodalStopPlace:45771,Combs-la-Ville - Quincy,D,48,667820,2,547700
IDFM:monomodalStopPlace:47951,Seugy,H,49,119127,2,399658
IDFM:monomodalStopPlace:43113,Colombes,J,48,923958,2,259319
IDFM:monomodalStopPlace:47950,Sermaise,C,48,535688,2,069088
IDFM:monomodalStopPlace:43112,Clichy - Levallois,L,48,897501,2,297472
IDFM:monomodalStopPlace:54249,Les Clairières de Verneuil,J,48,992670,1,955244
IDFM:monomodalStopPlace:470549_IDFM:C01729,La Défense,E,48,892230,2,238419
IDFM:472483,Rambouillet,TER Centre - Val de Loire,48,643995,1,832418
IDFM:monomodalStopPlace:43118,Courbevoie,L,48,898616,2,249190
IDFM:41856,Division Leclerc,T6,48,794483,2,272667
IDFM:monomodalStopPlace:43117,Coulommiers,P,48,808059,3,081261
IDFM:monomodalStopPlace:43116,Cormeilles-en-Parisis,J,48,968644,2,193051
IDFM:41858,Soleil Levant,T6,48,790293,2,263279
IDFM:41853,Robert Wagner,T6,48,785156,2,178923
IDFM:41852,L'Onde (Maison des Arts),T6,48,781979,2,180518
IDFM:monomodalStopPlace:47959,Tacoignières - Richebourg,N,48,829320,1,668662
IDFM:monomodalStopPlace:47958,Survilliers - Fosses,D,49,099512,2,525518
IDFM:41854,Vélizy 2,T6,48,784959,2,219990
IDFM:463317,Trinité - d'Estienne d'Orves,12,48,876294,2,333040
IDFM:monomodalStopPlace:47920,Ermont Halte,H,48,990533,2,263200
IDFM:463318,Trocadéro,9,48,863088,2,286833
IDFM:monomodalStopPlace:47922,Us,J,49,099555,1,970544
IDFM:monomodalStopPlace:47921,Orgerus - Béhoust,N,48,826627,1,703030
IDFM:monomodalStopPlace:473109_IDFM:C01739,Maisons-Laffitte,J,48,945741,2,144672
IDFM:monomodalStopPlace:58566_IDFM:C01739,Gare Saint-Lazare,J,48,877476,2,324439
IDFM:monomodalStopPlace:473890,Denfert-Rochereau,B,48,833186,2,333221
IDFM:22081,Louvre - Rivoli,1,48,861105,2,340183
IDFM:22080,Nation,1,48,847601,2,396374
IDFM:22083,Gare de Lyon,1,48,845843,2,373666
IDFM:22082,Franklin D. Roosevelt,1,48,869077,2,309756
IDFM:28863,Roger Semât,T5,48,944824,2,357006
IDFM:22085,Concorde,1,48,866140,2,324558
IDFM:22084,George V,1,48,872098,2,300316
IDFM:22087,Châtelet,1,48,858598,2,347902
IDFM:22086,Charles de Gaulle - Étoile,1,48,875144,2,295905
IDFM:463320,Varenne,13,48,856395,2,315008
IDFM:28868,Les Flanades,T5,48,976653,2,377479
IDFM:monomodalStopPlace:47928,Changis - Saint-Jean,P,48,959166,3,026089
IDFM:472271,Crépy-en-Valois,TER Hauts-de-France,49,231127,2,887862
IDFM:463321,Vaugirard,12,48,839487,2,301026
IDFM:28869,Lochères,T5,48,978527,2,385059
IDFM:monomodalStopPlace:47927,Gare de Chamarande,C,48,514053,2,215156
IDFM:463323,Villejuif Léo Lagrange,7,48,804360,2,364000
IDFM:monomodalStopPlace:47929,Chanteloup-les-Vignes,J,48,970357,2,027621
IDFM:monomodalStopPlace:47924,Boussy-Saint-Antoine,D,48,680874,2,533196
IDFM:monomodalStopPlace:45745,Évry - Val de Seine,D,48,634393,2,452309
IDFM:monomodalStopPlace:473109_IDFM:C01740,Maisons-Laffitte,L,48,945741,2,144672
IDFM:28865,Guynemer,T5,48,948194,2,357455
IDFM:monomodalStopPlace:47923,Bécon les Bruyères,L,48,905491,2,268790
IDFM:28866,Baudelaire,T5,48,942147,2,356697
IDFM:monomodalStopPlace:473109_IDFM:C01742,Maisons-Laffitte,A,48,945741,2,144672
IDFM:monomodalStopPlace:47925,Breuillet - Bruyères-le-Châtel,C,48,577610,2,192249
IDFM:463306,Saint-Michel,4,48,853590,2,343978
IDFM:monomodalStopPlace:47930,Chars,J,49,163001,1,936866
IDFM:463308,Saint-Placide,4,48,847024,2,326952
IDFM:monomodalStopPlace:47932,Coignières,N,48,743748,1,921418
IDFM:monomodalStopPlace:58566_IDFM:C01740,Gare Saint-Lazare,L,48,877476,2,324439
IDFM:22090,Champs-Élysées - Clemenceau,1,48,867651,2,314328
IDFM:monomodalStopPlace:58566_IDFM:C01748,Gare Saint-Lazare,TER Normandie,48,877476,2,324439
IDFM:28873,Paul Valéry,T5,48,979266,2,380221
IDFM:22098,Reuilly - Diderot,8,48,847154,2,387080
IDFM:monomodalStopPlace:47939,La Norville - Saint-Germain-lès-Arpajon,C,48,591119,2,266216
IDFM:463310,Simplon,4,48,893815,2,347795
IDFM:463311,Solférino,12,48,858541,2,323089
IDFM:463312,Strasbourg - Saint-Denis,8,48,869426,2,353771
IDFM:monomodalStopPlace:47935,Houdan,N,48,796026,1,602134
IDFM:463314,Sèvres-Lecourbe,6,48,845616,2,309499
IDFM:28876,Les Cholettes,T5,48,977503,2,372195
IDFM:41833,Terminal 1,CDG VAL,49,013120,2,541994
IDFM:monomodalStopPlace:47937,L'Étang-la-Ville,L,48,868188,2,076894
IDFM:463316,Temple,3,48,866721,2,361575
IDFM:monomodalStopPlace:45759,Essonnes Robinson,D,48,605817,2,463296
IDFM:monomodalStopPlace:46847,Gare de Villiers Neauphle Pontchartrain,N,48,815323,1,877536
IDFM:monomodalStopPlace:47767_IDFM:C01741,Sèvres - Ville-d'Avray,U,48,827253,2,200729
IDFM:monomodalStopPlace:47767_IDFM:C01740,Sèvres - Ville-d'Avray,L,48,827253,2,200729
IDFM:monomodalStopPlace:473875,Nation,A,48,848233,2,395944
IDFM:monomodalStopPlace:411390,Nanteuil-le-Haudouin,K,49,142511,2,794165
IDFM:480906,Saint-Nom-la-Bretèche - Forêt de Marly,T13,48,867402,2,050674
IDFM:monomodalStopPlace:411387,Ormoy-Villers,K,49,200711,2,837987
IDFM:monomodalStopPlace:43176_IDFM:C01730,Pantin,P,48,897987,2,401041
IDFM:22060,Assemblée Nationale,12,48,861097,2,320633
IDFM:monomodalStopPlace:411384,Nogent-L'Artaud - Charly,P,48,968716,3,322848
IDFM:480908,Saint-Cyr,T13,48,799010,2,074716
IDFM:monomodalStopPlace:47906,Évry - Courcouronnes,D,48,625888,2,430033
IDFM:monomodalStopPlace:47905,Bouray,C,48,532903,2,290078
IDFM:463102,Kléber,6,48,871396,2,293236
IDFM:28848,Suzanne Valadon,T5,48,959132,2,358754
IDFM:monomodalStopPlace:45739_IDFM:C01727,Juvisy,C,48,689709,2,383335
IDFM:monomodalStopPlace:47907,Pont de Rungis Aéroport d'Orly,C,48,748346,2,373210
IDFM:monomodalStopPlace:45739_IDFM:C01728,Juvisy,D,48,689709,2,383335
IDFM:monomodalStopPlace:47904,Villabé,D,48,592815,2,461533
IDFM:monomodalStopPlace:47874_IDFM:C01739,Poissy,J,48,933250,2,040804
IDFM:463107,Le Kremlin-Bicêtre,7,48,810266,2,362201
IDFM:monomodalStopPlace:47903,Garancières - La Queue,N,48,810464,1,764579
IDFM:monomodalStopPlace:47900_IDFM:C01729,Val de Fontenay,E,48,854247,2,489054
IDFM:monomodalStopPlace:47911,Fontainebleau - Avon,R,48,416666,2,726771
IDFM:monomodalStopPlace:46990_IDFM:C01741,Saint-Cyr,U,48,798775,2,072712
IDFM:monomodalStopPlace:462394_IDFM:C01743,Gare du Nord,B,48,882307,2,356693
IDFM:monomodalStopPlace:462394_IDFM:C01746,Gare du Nord,TER Hauts-de-France,48,882307,2,356693
IDFM:28850,Butte Pinson (Parc Régional),T5,48,973617,2,366054
IDFM:28851,Petit Pierrefitte,T5,48,952693,2,357987
IDFM:monomodalStopPlace:462388_IDFM:C01736,Viroflay Rive Gauche,N,48,800666,2,171583
IDFM:28852,Mairie de Pierrefitte,T5,48,963510,2,360223
IDFM:22074,Saint-Paul (Le Marais),1,48,855237,2,360878
IDFM:22073,Nation,6,48,847893,2,395824
IDFM:22076,Reuilly - Diderot,1,48,847166,2,385130
IDFM:471199,Guillerval,TER Centre - Val-de-Loire,48,374271,2,059703
IDFM:monomodalStopPlace:47874_IDFM:C01742,Poissy,A,48,933250,2,040804
IDFM:monomodalStopPlace:411396,Crépy-en-Valois,K,49,231083,2,888100
IDFM:22077,Porte de Vincennes,1,48,847322,2,407988
IDFM:28858,Joncherolles,T5,48,955564,2,358320
IDFM:monomodalStopPlace:47916,Andrésy,J,48,974621,2,048668
IDFM:28859,Alcide d'Orbigny,T5,48,965612,2,363263
IDFM:22079,Palais Royal - Musée du Louvre,1,48,862719,2,335289
IDFM:monomodalStopPlace:47918,Auvers-sur-Oise,H,49,070345,2,174916
IDFM:monomodalStopPlace:45735,Vigneux-sur-Seine,D,48,708089,2,413499
IDFM:28855,Jacques Prévert,T5,48,970856,2,365992
IDFM:monomodalStopPlace:47915,Achères Grand Cormier,A,48,955411,2,093653
IDFM:monomodalStopPlace:47914,Longueville,P,48,513786,3,250114
IDFM:463119,Anatole France,3,48,892220,2,284897
IDFM:monomodalStopPlace:422065,Le Val d'Or,L,48,856254,2,216551
IDFM:480928,Lisière Pereire,T13,48,903204,2,072967
IDFM:monomodalStopPlace:462388_IDFM:C01727,Viroflay Rive Gauche,C,48,800666,2,171583
IDFM:480925,Camp des Loges,T13,48,913960,2,081672
IDFM:472077,L'Abbaye,T4,48,921814,2,516337
IDFM:463120,Anvers,2,48,882869,2,344155
IDFM:463121,Argentine,1,48,875330,2,290122
IDFM:monomodalStopPlace:45705,Musée d'Orsay,C,48,860366,2,326623
IDFM:463124,Avenue Émile Zola,10,48,846998,2,295032
IDFM:463125,Avron,2,48,851633,2,398127
IDFM:monomodalStopPlace:47900_IDFM:C01742,Val de Fontenay,A,48,854247,2,489054
IDFM:22049,Rennes,12,48,848262,2,327904
IDFM:463128,Bercy,6,48,840181,2,379470
IDFM:463108,Arts et Métiers,11,48,865340,2,356522
IDFM:monomodalStopPlace:473843,Cité Universitaire,B,48,821506,2,338858
IDFM:22050,Notre-Dame-de-Lorette,12,48,876040,2,337887
IDFM:22051,Notre-Dame-des-Champs,12,48,845080,2,328630
IDFM:22054,Jules Joffrin,12,48,892492,2,344320
IDFM:463110,Belleville,11,48,871949,2,376719
IDFM:22295,Suzanne Lenglen,T2,48,833300,2,276853
IDFM:463111,Belleville,2,48,872282,2,376736
IDFM:22298,Puteaux,T2,48,882939,2,233339
IDFM:22055,Lamarck - Caulaincourt,12,48,889690,2,338524
IDFM:463112,Bibliothèque François Mitterrand,14,48,829966,2,376456
IDFM:monomodalStopPlace:44628,Louvres,D,49,049337,2,501811
IDFM:463114,Boissière,6,48,866848,2,290033
IDFM:463116,Abbesses,12,48,884388,2,338381
IDFM:monomodalStopPlace:46801,Boissy-l'Aillerie,J,49,075721,2,025386
IDFM:463118,Alésia,4,48,828177,2,327143
